Conta Gerencial;Exemplos de Uso
AP Maquinas e Equipamentos;"['EVAP LG DUAL COMPACT AR CONDICIONADO SPLIT HI WALL LG DUAL INVERTER COMPACT 18.000 BTUS FRIO 220V Frio R-32', 'COND LG DUAL COMPACT AR CONDICIONADO SPLIT HI WALL LG DUAL INVERTER COMPACT 18.000 BTUS FRIO 220V Frio R-32', 'ESMERILHADEIRA 5"" 1.700W GWS 17-125 S - 220V', 'PARAFUSADEIRA FURADEIRA IMP/PARAF 1/2 BAT', 'PISTOLA MILENIUM HVLP 1.4MM S/RF ARPREX', 'NOBREAK SMS 2200VA POWER', 'PROCESSADOR INTEL CORE I5 4590 3.3GHZ 6MB', 'COOLER PROCESSADOR INTEL 20281', 'PLACA MOTHERBOARD H81 USB 3.0 GIGA TAICON  TA-PCB005', 'SSD 480GB PRO SERIES S3+', 'MEMORIA 8GB 1600MHZ VALUE TECH', 'GABINETE MICRO-ATX MT-28BK C/FTE 200W C3TECH', 'ESTABILIZADOR ES-300VA BM 115V BEM LIGADO CLK', 'TECLADO USB KB101 LECOO', 'MOUSE USB MS101 LECOO', 'MONITOR LED 19 POL MR-19 C3TECH', 'ECONOMIZADOR PARA MAQUINAS DE SOLDA MIG/TIG', 'TOCHA 5 MTS COMPLETO 500A', 'CELULAR SMARTPHONE GALAXY A54 5G 128GB PRETO', 'CATRACAO N3195', 'SELADOR MANUAL 25 MM N7480', 'COFRE EM AÇO CINZA 80X37X33', 'PONTE ROLANTE 10 TON/ VÃO 20 METROS ', 'TOCHA MIG TMCE-400 5 MTS COMPLETO C/RASPA', 'PISTOLA ARPREX MILENIUM HVLP 1.3 MM', 'CONJUNTO DE TELECOMANDO F26', 'CARRO COLETOR 40A/54P PE+3F', 'DILUENTE 9800 ALQUIDICO 18,00 LITROS', 'TINTA 131 DF S/B AZUL RAL 5005 BD 18 LITROS', 'TINTA AMARELO SEGURANÇA 18,00 LITROS', 'AR CONDICIONADO SPLIT HI WALL LG DUAL INVERTER COMPACT 18.000 BTUS FRIO 220V Frio R-32', 'AR CONDICIONADO SPLIT HI WALL LG DUAL INVERTER COMPACT 18.000 BTUS FRIO 220V Frio R-32', '150MM 6 POLEGADAS LCD DIGITAL MEDIDOR VERNIER CALIPER', 'CIMAF CABO DE AÇO POL AF FAIXA AMARELA 1/2 (6X41)', 'IPAD 9 GERAÇÃO', 'CATRACAO N3195', 'SELADOR MANUAL 25 MM N7480', 'MICROMETRO DIGITAL LCD CARBONO', 'ALICATE AMPERIMETRO MINIPA ET3200', 'CADEIRA EXECUTIVA BASE GIRATORIA C BR TEC PTO', 'BALANÇA BS20 5000KG X 2KG', 'PROCESSADOR INTEL CORE I3 10105 3.70GHZ 6MB LGA 1200', 'MONITOR LENOVO 19.5 LED E20-1B VGA-HDMI 63A0KAR1BR', 'PLACA MAE P/INTEL ASSUS H510M-K 2.0 DDR4 LGA 1200 MATX', 'MEMORIA RAM 8GB DDR4 3200MHRZ KINGSTON FURY BEAST', 'HD SSD 256 GB PATRIOT BURST SATA III', 'GABINETE PC C/FONTE 230W', 'TECLADO  USB', 'MOUSE USB', 'MEMORIA RAM']"
AP Móveis;"['MESA DIRETIVA PARA ARMARIO 1500 X 700 LINHA PRIMA IMPACT CARVALHO SMOKED/GRAFITE', 'ARMARIO DIRETIVA COM PORTA ESQUERDA E RECOTE LINHA PIRMA IMPACT CARBVALHO SMOKED GRAFITE', 'ARMARIO DIRETIVA COM PORTA DIREITA E RECORTE LINHA PRIMA IMPACT CARVALHO SMOKED GRAFITE', 'ARMARIO BAIXO LINHA PIRMA IMPACT CARVALHO SMOKED/GRAFITE', 'ARMARIO BAIXO DUPLO LINHA PRIMA IMPACT CARVALHO SMOKED GRAFITE', 'CAIXA DE TOMADA BASIC M MARZSO GRAFITE COM 2 TOMADAS', 'ARQUIVO DE ACO COM 4 GAV (CH 26 - ROLAMENTO )', 'FRIGOBAR 220V ELECTROLUX', 'PERSIANA ROLO TELA SOLAR 5% BRANCA', 'REFRIGERADOR DUP 334L CONSUL', 'CADEIRA ESCRITORIO BASE GIRAT.', 'CADEIRA EXECUTIVA BASE GIRATORIA C BR TEC PTO', 'CADEIRA SECRETÁRIA', 'MESA MONOBLOCO', 'CADEIRA', 'TV', 'MONITOR TV 32""', 'CADEIRA BASE GIRATORIA', 'MONITORES TV/ PC', 'CONDENSADORA SPLIT HW DUAL INVERTER', 'EVAPORADORA SPLIT HW INVERTER', 'AR CONDICIONADO']"
AP Obra Filial MG;['CANTONEIRA 1.1/4 X 1/8POL.', 'TELA Q 61 - 2,45 X 6,00 BRS', 'INTER TUBO ESGOTO 100MM', 'INTER TUBO ESGOTO 75MM', 'INTER CURVA ESGOTO', 'ADESIVO', 'INTER TE REDUCAO ESGOTO', 'CINTA PERFURADA ACO INOX 19 X 0,65MM', 'ANEL ESGOTO 100 MM AMANCO', 'ANEL ESGOTO 75MM AMANCO', 'TE ESGOTO 100X100MM TIGRE', 'GARRAFAO TERMICO 5,0 L', 'ELETRODO', 'MGM PORTA DE GIRO LAMINADA 2,15 X 090', 'LUMINARIA HIGH BAY EMBULED', 'ADESIVO', 'JOELHO ESGOTO', 'REDUCAO ESGOTO', 'ANEL ESGOTO 100M', 'ANEL ESOGTO 75M', 'REGISTRO ESFERA', 'FITA VEDA ROSCA', 'ADESIVO PU', 'JOELHO ESGOTO 100', 'LUVA SOLDAVEL', 'JOELHO 90', 'ADAPTADOR', 'LUVA PRESSAO', 'INTER JOELHO 90', 'INTER TUBO', 'MANGUEIRA', 'LUVA SOLDAVEL 20', 'ADAPTADOR SOLDAVEL', 'FITA ADESIVA', 'CINTA PERFURADA', 'ESMALTE LUSKCOLOR', 'ACRILICO TRADICAO LUKSCOLOR BRANCO', 'ACRILICO TRADICAO LUSKCOLOR GELO', 'MASSA CORRIDA LUKSCOLOR', 'ROLO DE LA 23 CM', 'THINNER', 'TRINCHAS', 'TELHA TRANSLUCIDA ONDULADA 1MM LEITOSA', 'TELHA GALVANIZADA 0,47 X 980 X 5400mm', 'TELHA GALVANIZADA 0,47 X 980 X 5400mm', 'TELHA GALVANIZADA 0,47 X 980 X 5400mm', 'TELA Q 61 - 2,45 X 6,00 BRS', 'ADESIVO', 'SERRA COPO', 'ADAPTADOR SERRA COPO']
AP Obra Filial SJ;"['SERVIÇO MINI ESCAVADEIRA PERFURAÇÃO DE SOLO GALPAO NOVO 6 HORAS TRABALHADAS', 'LINHA PEDREIRO', 'PARAFUSO SEXTAVADO RI 3/4 X 3 POL. FE. ZB', 'PORCA SEXT. ZINC. UNC 3/4', 'ARRUELA LISA ZINCADO 3/4', 'JOELHO ESGOTO 90X150 MM', 'JOELHO ESGOTO 45X150 MM', 'TE ESGOTO 150X150 MM', 'TUBO ESGOTO 150 MM', 'ANEL TIGRE ESG 150 MM', 'PASTA LUBRIFICANTE ANEL ESGOTO', 'PRESTAÇÃO DE SERVIÇO USINAGEM BUCHAS', 'FRETE REF PTA OTTO PLATAFORMAS TRAZER MAQUINA PARA GEHFER', 'LOCAÇÃO DE BENS E EQUIPAMENTOS EM GERAL MAQUINA PTA', 'PARAFUSO SEXTAVADO A325 UNC 5/8"" X 2.3/4 ZINCADO', 'PORCA SEXTAVADO A1942H 5/8"" ZINCADO', 'ARRUELA LISA F436 5/8""', 'PARAFUSO SEXTAVADO A325 UNC 5/8"" X 1.3/4"" ZINCADO', 'SERVIÇO DE LOCAÇÃO DE CAMINHÃO MUNCK', 'SERVIÇO DE LOCAÇÃO DE CAMINHÃO MUNCK', 'LOCAÇÃO DE BENS E EQUIPAMENTOS EM GERAL MAQUINA PTA (06/01 a 04/02)', 'BARRA ROSCADA 1/2 UNC', 'CORDA 1,5 MM', 'MANGUEIRA Ø3/8""', 'ABRAÇADEIRA', 'PUNCAO', 'ESQUADRO STANLEY', 'SERVIÇO DE LOCAÇÃO DE CAMINHÃO MUNCK', 'SERVIÇO DE FERRAMENTA AFIAR BROCAS', 'CANALETA 14X19X39 ESTRUTURAL COM RANHURA', 'BLOCO 14X19X39 VEDAÇÃO FUNDO FECHADO', 'BLOCO 14X19X39 VEDAÇÃO FUNDO FECHADO', 'BLOCO 14X19X19 ESTRUTURAL FUNDO ABERTO', 'CANALETA 14X19X39 ESTRUTURAL COM RANHURA', 'CANALETA 14X19X19 ESTRUTURAL', 'BLOCO 14X19X39 VEDAÇÃO FUNDO FECHADO', 'CANALETA 14X19X39 ESTRUTURAL COM RANHURA', 'BROCA', 'CIMENTO CSN CO III 50 KG', 'LINHA PEDREIRO', 'ENGATE RAPIDO', 'ABRAÇADEIRA', 'LAPIS CARPINTEIRO', 'PNEU CARRINHO PEDREIRO', 'LUVA LATEX P', 'ARAME RECOZIDO N 12', 'PENEIRA CAFE REFORÇADA 80', 'TABUA DE PINUS 30', 'BOTINA RASPA 43', 'ESGUICHO RAPIDO']"
COMISSÃO DE VENDAS;['PRESTAÇÃO DE SERVIÇO', 'PRESTAÇÃO DE SERVIÇO', 'PRESTAÇÃO DE SERVIÇO', 'PRESTAÇÃO DE SERVIÇO', 'PRESTAÇÃO DE SERVIÇO', 'PRESTAÇÃO DE SERVIÇO', 'PRESTAÇÃO DE SERVIÇO', 'PRESTAÇÃO DE SERVIÇO', 'PRESTAÇÃO DE SERVIÇO', 'PRESTAÇÃO DE SERVIÇO', 'PRESTAÇÃO DE SERVIÇO', 'PRESTAÇÃO DE SERVIÇO', 'PRESTAÇÃO DE SERVIÇO', 'PRESTAÇÃO DE SERVIÇO', 'PRESTAÇÃO DE SERVIÇO', 'PRESTAÇÃO DE SERVIÇO', 'PRESTAÇÃO DE SERVIÇO', 'PRESTAÇÃO SERVIÇOS DE TERCEIRO', 'PRESTAÇÃO SERVIÇOS DE TERCEIRO', 'PRESTAÇÃO SERVIÇOS DE TERCEIRO', 'PRESTAÇÃO SERVIÇOS DE TERCEIRO', 'PRESTAÇÃO SERVIÇOS DE TERCEIRO', 'PRESTAÇÃO SERVIÇOS DE TERCEIRO', 'PRESTAÇÃO SERVIÇOS DE TERCEIRO', 'PRESTAÇÃO SERVIÇOS DE TERCEIRO', 'PRESTAÇÃO SERVIÇOS DE TERCEIRO', 'PRESTAÇÃO SERVIÇOS DE TERCEIRO', 'PRESTAÇÃO SERVIÇOS DE TERCEIRO', 'PRESTAÇÃO SERVIÇOS DE TERCEIRO']
CSP Devolução;['BOBINA GALVANIZADA 1,10 X 1200  AZ 80', 'CH FF 0,90 X 1200 X 3000', 'CH FF 1,20 X 1200 X 2000', 'CH XDZ 2,65 X 1200 X 3000', 'CH ZN 1,25 X 1200 X 3000', 'BOBINA GALVALUME 0,47 X 1200 AZM 150', 'BOBINA GALVALUME  0,40 X 1200 AZM 150', 'TB RT FF 100X50X1,50X6000', 'CH XDZ 2,65 X 1500 X 3000', 'TB RED ZN 50,80X1,10X6000', 'BOBINA GALVALUME  0,40 X 1200 AZM 120', 'CH FQ 2,65 X 1200 X 3000', 'CH FQ 3,00 X 1200 X 3000', 'BOBINA GALVANIZADA 0,47 X 1200  AZ 80', 'BOBINA GALVANIZADA 0,47 X 1200  AZ 80', 'BOBINA GALVANIZADA 0,47 X 1200  AZ 80', 'BOBINA GALVALUME  0,40 X 1200 AZM 120', 'BOBINA GALVANIZADA 0,47 X 1200  AZ 80', 'BOBINA GALVANIZADA 0,47 X 1200  AZ 80', 'CH ZN 0,80 X 1200 X 3000', 'TB QD FF 50X50X1,20X6000', 'TB QD FF 20X20X1,20X6000', 'TB RT ZN 30X20X0,95X6000', 'TB QD ZN 20X20X1,25X6000', 'TB RT ZN 80X40X1,25X6000', 'TB QD ZN 20X20X0,95X6000', 'TB ZN 38,10X1,25X6000', 'BOBINA GALVANIZADA 0,47 X 1200  AZ 80', 'BOBINA GALVANIZADA 0,47 X 1200  AZ 80', 'BOBINA GALVANIZADA 0,40 X 1200  AZ 80', 'TB RT FF 50X30X0,90X6000', 'BOBINA GALVANIZADA 0,40 X 1200  AZ 80', 'BOBINA GALVANIZADA 0,40 X 1200  AZ 80', 'BOBINA GALVANIZADA 0,40 X 1200  AZ 80', 'CH XDZ 3,00 X 1200 X 3000', 'BOBINA GALVALUME  0,40 X 1200 AZM 120', 'TB RT FF 150X50X1,50X6000', 'TB RED FF 31,75X1,20X6000', 'TB RT FF 70X30X1,50X6000', 'PERFIL U 75X40X2,00X6000', 'TB RED FF 15,87X0,75X6000', 'TB RT FF 70X30X1,50X6000', 'BOBINA GALVALUME  0,40 X 1200 AZM 120', 'BOBINA GALVALUME  0,40 X 1200 AZM 120', 'CH XDZ 3,00 X 1200 X 3000', 'TB RT FF 50X30X1,20X6000', 'TB RT FQ 80X40X2,00X6000', 'BOBINA GALVALUME  0,40 X 1200 AZM 120', 'PERFIL UE 100X40X15X3,00X6000', 'CLAMP ACCESSORY PACK']
CSP Mercadoria Revenda;['BOBINA ZN 0,40 X 1200 (MM)', 'CH FF 1,20 X 1200 X 3000', 'CH FF 0,90 X 1200 X 3000', 'CH FF 0,90 X 1200 X 2500', 'CH FF 0,90 X 1200 X 2000', 'CH FF 0,90 X 1200 X 6000', 'BOBINA GALVALUME 0,38 X1200 X AZM 150', 'CH FF 1,20 X 1200 X 2000', 'CH FF 1,20 X 1200 X 2500', 'CH FF 1,50 X 1200 X 2000', 'CH FF 0,90 X 1200 X 2500', 'CH FF 0,90 X 1200 X 2000', 'CH FF 0,90 X 1200 X 3000', 'CH FF 1,20 X 1200 X 3000', 'CH FF 1,20 X 1200 X 2000', 'CH FF 1,20 X 1200 X 2200', 'CH FF 1,20 X 1200 X 2100', 'CH FF 1,20 X 1200 X 3000', 'BOBINA GALVALUME  0,40 X 1200 AZM 150', 'CH FF 1,20 X 1200 X 3000', 'BOBINA GALVALUME  0,40 X 1200 AZM 150', 'TB RT FF 80X40X1,50X6000', 'TB RT FF 60X40X1,50X6000', 'TB RT FF 40X20X1,20X6000', 'CH FF 1,20 X 1200 X 3000', 'TUBO QD BQ 100 X 100 X 1,50 X 6000', 'TUBO QD BQ 80 X 80 X 1,50 X 6000', 'TB RT FF 30X20X1,20X6000', 'CH FF 1,50 X 1200 X 3000', 'CH FF 1,50 X 1200 X 3000', 'CH FF 1,50 X 1200 X 3000', 'CH FF 1,50 X 1200 X 3000', 'CH FF 1,50 X 1200 X 2200', 'CH FF 1,20 X 1200 X 2300', 'CH FF 1,50 X 1200 X 3000', 'CH FF 1,50 X 1200 X 2500', 'CH XD 3,00 X 1200 X 3000', 'TB RT FF 30X20X1,20X6000', 'TB RT FF 150X50X1,50X6000', 'TB RT FF 80X40X1,50X6000', 'TB QD FF 20X20X0,90X6000', 'PERFIL U 100X40X2,00X6000', 'CH FF 1,50 X 1200 X 6000', 'CH FF 1,20X1200X2000', 'BOBINA GALVALUME 0,47 X 1200 AZM 150', 'BOBINA GALVANIZADA 0,47 X 1200  AZ 80', 'BOBINA GALVALUME 0,35 X 1200 AZM 150', 'BOBINA GALVALUME 0,47 X 1200 AZM 150', 'CH XDZ 4,75 X 1200 X 6000', 'CH XDZ 4,75 X 1500 X 3000']
CSP Serviço Terceiro;"['ZINCAGEM CLAMP ACCESSORY PACK', 'ZINCAGEM CLAMP ACCESSORY PACK', 'SERVIÇO DE REBOBINAR DOIS MOTORES DE DUPLA POLARIDADE CV 1,02/06 PONTE ROLANTE', 'ZINCAGEM CLAMP ACCESSORY PACK', 'LOCAÇÃO DE BENS E EQUIPAMENTOS EM GERAL', 'PINTURA ELETROSTÁTICA', 'CHAPA PERFURADA DE INOX 3000X1200MM-ESPESSURA 4,00MM - COM FURO 3/8""', 'PRESTAÇÃO DE SERVIÇO BENEFICIAMENTO DE CORTE', 'PINTURA ELETROSTÁTICA', 'PINTURA ELETROSTÁTICA', 'SERVIÇO DE LOCAÇÃO CAÇAMBA', 'CLAMP ACCESSORY PACK', 'CLAMP ACCESSORY PACK', 'CLAMP ACCESSORY PACK', 'CLAMP ACCESSORY PACK', 'CLAMP ACCESSORY PACK', 'PRESTAÇÃO DE SERVIÇO', 'CLAMP ACCESSORY PACK', 'CLAMP ACCESSORY PACK', 'CLAMP ACCESSORY PACK', 'PRESTAÇÃO DE SERVIÇO', 'CLAMP ACCESSORY PACK', 'CLAMP ACCESSORY PACK', 'CLAMP ACCESSORY PACK', 'CLAMP ACCESSORY PACK', 'DOCUMENTAÇÃO CAMINHÕES', 'CLAMP ACCESSORY PACK', 'QUADRO DE COMANDO 400X400X200', 'LUKMA 14016 BOTÃO LK ED 25 2 POS', 'DISJUNTOR 2P 25A LUKMA', 'DISJUNTOR 2P 16A LUKMA', 'TRILHO PARA MONTAGEM', 'CONTATOR CJX2-4011 40A 220V LUKMA', 'CANALETA 50X30', 'ABRAÇADEIRA NYLONS 4,8 X 300', 'KIT ROLO FITA ISOLANTE 10 M', 'ABRAÇADEIRA NYLON 7,6 X 400', 'KIT REFLETOR DE LED HOLOFOTE', 'PARAFUSO AUTO BROCANTE SEXT C. VEDAÇÃO 5,5 X 19 MM', 'PARAFUSO AUTO BROCANTE SEXT C. VEDACAO 5,5 X 25MM', 'TELHA TRANSLUCIDA TRAPEZOIDAL 40 LEITOSA 1,00 MM', 'SERVIÇO CORTE LASER - GALPÃO DO HAROLDO', 'SERVIÇO CORTE LASER - CONFORMAÇÃO DE TELHA BARRACÃO HAROLDO']"
DA Bens de Pequeno Valor;['FABRICAÇÃO MATRIZ INFERIOR DE CORTE ESTAMPO', 'SWITCH TP-LINK 16 PORTAS TL-SG1016D SN-223A438002872', 'CONJUNTO DELL SEM FIO DE TECLADO E MOUSE- KM3322W', 'MOUSE MAX ULTRA COM FIO USB 2.0 1000DPI PRETO', 'TECLADO PADRAO USB MAXPRINT COD 60814-5', 'MOUSE OTICO SOFT CINZA 1200DPI  MAX PRINT', 'TELEFONE HEADSET HSB 40', 'MOUSE OTICO SOFT CINZA MAXPRINT', 'BATERIA LITIO 3V CR2032', 'CONECTOR RJ45 CATS WUETH', 'BASE PARA MOUSE MIM - PRETO MAX', 'MOUSE OTICO SEM FIO LECOO', 'MOUSE OTICO SEM FIO 2.4G PRETO MAXPRINT', 'MOUSE OTICO SEM FIO RC/NANO PRETO MAX PRINT', 'ESTABILIZADOR ES-500VA BM 115V BEM LIGADO C3TECH', 'UNIQUITI  AP UNIFI UAP -AC-LITE', 'FREE 970 (50KG)', 'PULVERIZADOR (GUARANY) DE COM PRESSAO', 'CAPACHO 80X60 PERSONALIZADO', 'CARRO FUNCIONAL - CINZA', 'CONVERSOR DE PROTOCOLO IP ATA 200', 'HEADSET HSB40', 'TELEFONE TS 2510 INTELBRAS PTO', 'CAR HYC 015', 'GARRAFA TERMICA 3L INOX', 'EXTENSOR DE TELA NOTEBOOK', 'CARREGADOR DE PILHAS RECARREGÁVEIS DURACELL Aa/aaa Com 4 Aa', 'CADEIRA SECRET BASE GIRATORIA', 'PLACA MOTHERBOARD DUEX DX H110ZG DDR4', 'PROCESSADOR INTEL CORE I3 6100', 'COOLER PROCESSADOR INTEL 20281', 'MEMORIA 8GB DDR4 2666MHZ', 'SSD 240GB PATRIOT BURST PE000776', 'GABINETE PADRAO BRAZILFC N110MATX B M255', 'FONTE ATX 230W BRAZIL PC', 'KIT TECLADO E MOUSE EXAGON SEM FIO', 'ESTABILIZADOR ES 300VA', 'BASE PARA MOUSE MIN', 'MOUSEPAD GAMER EG400 EVOLUT', 'CADEIRA CAIXA ALTA COM RODIZIOS URBAN', 'VENTILADOR MONDIAL', 'MONITOR GAMER IPS 23.8 FULL HD LG 75HZ', 'MONITOR GAMER IPS 23.8 FULL HD LG 75HZ', 'MOUSE AIRY SEM FIO 2,4 G 1600DPI PRETO MAXPRINT', 'PILHA ALCALINA MAX AA PEQ C/2 AA MAXPRINT', 'TECLADO E MOUSE EXAGON SEM FIO USB 2.O PRETO', 'PILHA ALCALINA ELGIN AA LR6', 'PILHA SUPER MAXPRINT AAA TUBO 1,5V', 'PILHA ALCALINA MAX AAA PAL C/2', 'MOUSE S/FIO RC/NANO']
DA Brindes;['material de brinde para feira industrial', 'kit de boas-vindas para visitantes']
DA Café;['CHALEIRA ELETRICA', 'BOMBOM CAIXA', 'CAFE PACAEMBU', 'AÇUCAR CRISTAL 5 KILOS', 'COPO PLASTICO 180 ML 100 UND ECOCOPO', 'BOMBOM CAIXA', 'CAPSULA DOLCE GUSTO C/10 CAFE MATINAL', 'CAFE PACAEMBU', 'AÇUCAR CRISTAL 5 KILOS', 'BOMBOM CAIXA', 'CAFE 3 CORACOES', 'AÇUCAR CRISTAL 5 KILOS', 'FILTRO PAPEL MELITTA 103 C/30', 'COPO PLASTICO 180 ML 100 UND ECOCOPO', 'CAFE RISTRETTO NEW SKU', 'CANECA NOMAD MUG', 'COPO PLASTICO 180 ML 100 UND ECOCOPO', 'CAFE PACAEMBU', 'AÇUCAR CRISTAL 5 KILOS', 'FILTRO PAPEL MELITTA 103 C/30', 'BOMBOM CAIXA', 'FILTRO PAPEL MELITTA 103 C/30', 'FILTRO PAPEL MELITTA 103 C/30', 'CAFE PACAEMBU', 'AÇUCAR CRISTAL 5 KILOS', 'COPO PLASTICO 180 ML 100 UND ECOCOPO', 'AÇUCAR CRISTAL 5 KILOS', 'CAFE PACAEMBU', 'FILTRO PAPEL MELITTA 103 C/30 ', 'CAPSULA DOLCE GUSTO C/10 CAFE MATINAL', 'CAFE PACAEMBU', 'AÇUCAR CRISTAL 5 KILOS', 'COPO PLASTICO 180ML 100 UN TOTALPLAST', 'COPO PLASTICO 80ML 100 UN SUPER PREMIUM', 'COPO PLASTICO 180 ML 100 UND ECOCOPO', 'BR COTTON POUCH', 'VOLLUTO pRedBC = 61,11%', 'COSI NEW SKU  pRedBC = 61,11%', 'MO COLOMBIA pRedBC = 61,11%', 'LIVANTO pRedBC = 61,11%', 'ROMA  NEW SKU pRedBC = 61,11%', 'CAFE RISTRETTO NEW SKU pRedBC = 61,11%', 'VIENNA LUNGO pRedBC = 61,11%', 'ARPEGGIO NEW SKU pRedBC 61,11%', 'CAFE DOLCE GUSTO CAPS 10 UN CAFE MATINAL', 'FILTRO PAPEL MELITTA 103 C/30', 'MARGARINA DORIANA 1 KG ECO', 'CAFE PACAEMBU 500 G EXTRA FORTE', 'BOMBOM CAIXA', 'AGUA MINERAL PLATINA COM GAS 510 X 12 UNIDADES']
DA Contabilidade;['SERVIÇOS PRESTADOS EM CONTABILIDADE', 'PRESTAÇÃO DE SERVIÇO CERTIFICADO DIGITAL DAS EMPRESAS GHB EMP / JRS HOLDING', 'ALTERAÇÃO CONTRATUAL DAS EMPRESAS SBF,GHB E JRS', 'SERVIÇOS PRESTADOS EM CONTABILIDADE', 'SERVIÇOS PRESTADOS EM CONTABILIDADE', 'SERVIÇOS PRESTADOS EM CONTABILIDADE', 'SERVIÇOS PRESTADOS EM CONTABILIDADE', 'PRESTAÇÃO DE SERVIÇO', 'PRESTAÇÃO DE SERVIÇO', 'SERVIÇOS PRESTADOS EM CONTABILIDADE', 'PRESTAÇÃO DE SERVIÇO', 'SERVIÇOS PRESTADOS EM CONTABILIDADE', 'PRESTAÇÃO DE SERVIÇO', 'PRESTAÇÃO DE SERVIÇO', 'PRESTAÇÃO DE SERVIÇO', 'PRESTAÇÃO DE SERVIÇO', 'SERVIÇOS PRESTADOS EM CONTABILIDADE', 'PRESTAÇÃO DE SERVIÇO', 'SERVIÇOS PRESTADOS EM CONTABILIDADE', 'PRESTAÇÃO DE SERVIÇO', 'PRESTAÇÃO DE SERVIÇO', 'SERVIÇOS PRESTADOS EM CONTABILIDADE', 'PRESTAÇÃO DE SERVIÇO', 'PRESTAÇÃO DE SERVIÇO DE CONTABILIDADE', 'PRESTAÇÃO DE SERVIÇO EM CONTABILIDADE', 'PRESTAÇÃO DE SERVIÇO EM CONTABILIDADE', 'PRESTAÇÃO DE SERVIÇO EM CONTABILIDADE', 'PRESTAÇÃO DE SERVIÇO - SERVIÇO DE CONTABILIDADE', 'PRESTAÇÃO DE SERVIÇO - SERVIÇO DE CONTALIDADE', 'PRESTAÇÃO DE SERVIÇO - SERVIÇO DE CONTABILIDADE']
DA Despesas de Uso/Consumo;['CRISANTEMOS DE VASO', 'PRESTAÇÃO DE SERVIÇO', 'CADEADO PADO HASTE NORMAL25 MM ( ARMARIO FUNCIONARIO )', 'SACO PLASTICO ZIP N 03 07X10,5X0,08 C /100', 'SACO ZIP N 3 7X10X0,08 100UN', 'PULVERIZADOR MANUAL 20 LITROS', 'CORRENTE ZEBRADA 100 M', 'KIT 6 P/S ETQ SELO BOLINHA 6 CORES 15 MM 1,5 CM 100 UNID P/RL', 'CANUDO BIO SACHE COMUM 5MM 100UN STRAWPLAST', 'CADEADO 40 MM', 'CAPA TPU+ PELICULA 3D PARA SAMSUNG A15', 'AR SOLID MIG 1MM', 'COPO PLASTICO 180 ML 100 UND ECOCOPO', 'COPO PLASTICO 80ML 100UN TERMOPOT', 'PLACA TIPO R1', 'PLACA TIPO R19', 'PLACA LOGRADOURO', 'CADEADOS LATAO 25MM', 'MAZA DEMARCACAO AMARELO', 'MAZA DEMARCACAO BCA AMARELO', 'GARFO PARA ROLOS', 'ROLO DE LA 328', 'ROLO DE LA 23CM', 'PORTA FOLHA A4 PAREDE', 'PARAFUSO SEXTAVADO', 'PORCA SEXTAVADA 1/4', 'ARRUELA LISA', 'PARAFUSO FR C P 3/8', 'ARRUELA LISA ZINCADOO 3/8', 'CAPA DE CELULAR', 'SUPORTE DE PAREDE PARA MONITOR', 'SUPER IMA', 'SUPORTE TV FIXO', 'PRESTAÇÃO DE SERVIÇO - PLACAS E ADESIVOS PARA SINALIZAÇÃO DA EMPRESA', 'LIXEIRA BASCULANTE 45 LITROS', 'LIXEIRA 9 LITROS', 'LIXEIRA 40 LITROS', 'FRASCO COM VALVULA', 'PORTA COPOS AGUA EASY', 'TOALHEIRO', 'SABONETEIRA', 'LIXO 100 LITROS', 'PA DE LIXO', 'LIXO 14 LITROS', 'LIXO 28 LITROS', 'VASSOURA', 'COPO PLASTICO 180 ML 100 UND ECOCOPO', 'NOBREAK', 'CAPA CELULAR', 'CAPA CELULAR']
DA Doação;['CESTA BASICA', 'CESTA BASICA', 'CESTA BASICA', 'CESTA BASICA', 'CESTA BASICA', 'CESTA BASICA', 'ITEM  - CESTA BASICA ', 'ITEM  - CESTA BASICA ', 'ITEM  - CESTA BASICA ', 'ITEM  - CESTA BASICA ', 'ITEM  - CESTA BASICA ', 'ITEM  - CESTA BASICA ', 'ITEM  - CESTA BASICA ', 'ITEM  - CESTA BASICA ', 'ITEM  - CESTA BASICA ', 'ITEM  - CESTA BASICA ', 'ITEM  - CESTA BASICA ', 'ITEM  - CESTA BASICA ', 'ITEM  - CESTA BASICA ', 'ITEM  - CESTA BASICA ', 'ITEM  - CESTA BASICA ', 'ITEM  - CESTA BASICA ', 'ITEM  - CESTA BASICA ', 'ITEM  - CESTA BASICA ', 'ITEM  - CESTA BASICA ', 'ITEM  - CESTA BASICA ', 'ITEM  - CESTA BASICA ', 'ITEM  - CESTA BASICA ', 'ITEM  - CESTA BASICA ', 'ITEM  - CESTA BASICA ', 'ITEM  - CESTA BASICA ', 'ITEM  - CESTA BASICA ', 'ITEM  - CESTA BASICA ', 'ITEM  - CESTA BASICA ', 'ITEM  - CESTA BASICA', 'CESTA BASICA ', 'CESTA BASICA ', 'CESTA BASICA ', 'CESTA BASICA ', 'CESTA BASICA ', 'CESTA BASICA ', 'CESTA BASICA ', 'CESTA BASICA ', 'CESTA BASICA ', 'CESTA BASICA ', 'CESTA BASICA ', 'CESTA BASICA ', 'CESTA BASICA ', 'CESTA BASICA ', 'CESTA BASICA ']
DA Internet e Telefonia;['SIM CARD AVULSO ', 'SIM CARD AVULSO ', 'PRESTAÇÃO DE SERVIÇO DE COMUNICAÇÃO (INTERNET)', 'PRESTAÇÃO DE SERVIÇO DE COMUNICAÇÃO MULTIMIDIA', 'PRESTAÇÃO DE SERVIÇO', 'PRESTAÇÃO DE SERVIÇO', 'PRESTAÇÃO DE SERVIÇO', 'TELEFONE', 'TELEFONE', 'PRESTAÇÃO DE SERVIÇO - INTERNET', 'PRESTAÇÃO DE SERVIÇO', 'PRESTAÇÃO DE SERVIÇO', 'PRESTAÇÃO DE SERVIÇO', 'PRESTAÇÃO DE SERVIÇO DE COMUNICAÇÃO MULTIMIDIA', 'TELEFONE', 'TELEFONE', 'PRESTAÇÃO DE SERVIÇO - TROCA DOS RAMAIS FISCAL', 'PRESTAÇÃO DE SERVIÇO - INTERNET', 'PRESTAÇÃO DE SERVIÇO COMUNICAÇÃO MULTIMÍDIA', 'PRESTAÇÃO DE SERVIÇO', 'PRESTAÇÃO DE SERVIÇO', 'PRESTAÇÃO DE SERVIÇO', 'PRESTAÇÃO DE SERVIÇO', 'PRESTAÇÃO DE SERVIÇO', 'PRESTAÇÃO DE SERVIÇO', 'TELEFONE', 'TELEFONE', 'PRESTAÇÃO DE SERVIÇO - INTERNET', 'PRESTAÇÃO DE SERVIÇO - FATURA INTERNET', 'TELEFONE', 'TELEFONE', 'PRESTAÇÃO DE SERVIÇOS EM SISTEMAS TELEFONICA IOT', 'PRESTAÇÃO DE SERVIÇOS EM SISTEMAS TELEFONICA IOT', 'PRESTAÇÃO DE SERVIÇOS EM SISTEMAS TELEFONICA IOT', 'ATIVAÇÃO DE LINHA', 'ATIVAÇÃO DE LINHA', 'ATIVAÇÃO DE LINHA']
DA Manutenção Predial;['SERVIÇO DE LOCAÇÃO CAÇAMBA', 'SERVIÇO DE LOCAÇÃO CAÇAMBA', 'SERVIÇO DE LOCAÇÃO CAÇAMBA', 'CONE SINALIZAÇÃO PVC - 50 CM P/A', 'CORRENTE PLASTICA PTA/AMARELA G.', 'SERVIÇO DE LOCAÇÃO CAÇAMBA', 'CANALETA P/ PAINEL ABERTA', 'ACRILICO FUTURA FOSCO GELO', 'GARFO PARA ROLOS', 'PAPEL MASCARAUTO', 'ROLO DE LA', 'PINCEL TRINCHA ', 'SISTEMA X CAIXA MODULOS LIZ FLEX TRAMON', 'MODULO TOMADA 2P+T 10A LIZ TRAMONTINA', 'MODULO CEGO LIZ TRAMONTINA', 'CANALETA SEM DIVISORIA 20X10X2', 'BUCHA TJ BAIANO 08 C PARAFUSO', 'CANALETA SEM DIVISORIA 20X10X2', 'LAMPADA TUBOLED 18W BIC PHILBRA', 'MODULO RJ45 TRAMONTINA', 'SISTEMA X CAIX 1 MODULO', 'CONECTOR RJ45', 'BLOCO CONTATO P BOTAO', 'BOTAO IMPULSO PRETO COMPLETO', 'BOTAO IMPULSO VERMELHO COMPLETO', 'PRESTAÇÃO DE SERVIÇO', 'KIT 6 REFLETOR LED HOLOFOTE', 'ROLO 1376 ANTI RESPINGO TIGRE', 'TRINCHAS 417', 'PARAFUSO MAQ CABEÇA CHATA 1/4X1', 'PORCA SEXT. SIMPLES NC ZIN 1/4', 'BROCA SDS PLUS 25 MM X 260 MM', 'BUCHA DE NYLON S 10', 'FITA ISOLANTE 3M IMPERIAL 20 MTS', 'ABRAÇADEIRA NYLON 3,6 X 350 MM BRANCA PCTE 200 UNI', 'CANALETA DIVISORIA 20X 10X 2 MT', 'TERMINAL PRE ISOLADO FEMEA 2,5 MM', 'L P/CANALETA 90 COTOVELO', 'LAMPADA REFLETORA ESPELHADA', 'KIT 6 REFLETOR DE LED HOLOFOTE 200W', 'LUVA SOLDAVEL PVC', 'JOELHO PVC', 'CURVA PVC', 'LUVA SOLDAVEL PVC', 'ENGATE RAPIDO', 'ACRILICO FUTURA FOSCO BRANCO', 'BANDEJA 1523 ATLAS', 'EXTENSOR 1308 2,7 METROS', 'GARFO303  P/ ROLO S/ ROSCA ATLAS', 'ACRILICO TRADIÇÃO LUKSCOLOR ELEFANTE']
DA Manutenção e Limpeza;['PAPEL HIGIENICO', 'BOM AR FLOR DE ALGODAO 360 ML', 'CLORO GEL 5 LITROS', 'DESINFETANTE BARBAREX EUCALIPTO 5 LITROS', 'DESINFETANTE WILLY TALCO', 'EMBALAGEM PLASTICA PRETO 20 LT C/100 UND', 'LUSTRA MOVEIS KING PEROBA  LAVANDA 500 ML', 'ROLO PERFLEX 300 MM X 28 CM AZUL', 'PAPEL TOALHA INTERFOLHA BRANCO', 'PASTILHA ADESIVA START LAVANDA C/3', 'SABAO EM BARRA YPE 5 UNID PCT', 'SABONETE LIQUIDO', 'PANO DE CHAO XADREZ (GRANDE)', 'SAPONECEO CREMOSO LAVANDA 300 ML', 'TIRA LIMO AZULIM 500 ML', 'VASSOURA SINTETICA P-10', 'VEJA GOLD MULTIUSO ORIGINAL 500 ML', 'SACO LIXO 1 KILO 100 LT', 'PAPEL HIGIENICO', 'SERVIÇO DE LOCAÇÃO CAÇAMBA', 'EPOCLER', 'NEOSALDINA', 'DORFLEX', 'BAND AID TRANSPARENTE', 'ESPARADRAPO', 'SACO LIXO 1 KILO 100 LT', 'BOM AR FLOR DE ALGODAO 360 ML', 'DESINFETANTE BARBAREX EUCALIPTO 5 LITROS', 'EMBALAGEM PLASTICA PRETO 20 LT C/100 UND', 'ROLO PERFLEX 300 MM X 28 CM AZUL', 'PAPEL TOALHA INTERFOLHA BRANCO', 'PASTILHA ADESIVA START LAVANDA C/3', 'SABAO EM BARRA YPE 5 UNID PCT', 'PANO DE CHAO XADREZ (GRANDE)', 'SAPONECEO CREMOSO LAVANDA 300 ML', 'TIRA LIMO AZULIM 500 ML', 'VEJA GOLD MULTIUSO ORIGINAL 500 ML', 'CLORO GEL 5 LITROS', 'DETERGENTE', 'DESINFETANTE WILLY TALCO', 'PAPEL HIGIENICO', 'PAPEL HIGIENICO', 'REVIDEX PISOS PEDRAS ANTIDERRAPANTES 5 LT', 'BOM AR FLOR DE ALGODAO 360 ML', 'DESINFETANTE BARBAREX EUCALIPTO 5 LITROS', 'DESINFETANTE WILLY TALCO', 'EMBALAGEM PLASTICA PRETO 20 LT C/100 UND', 'PANO MULTIUSO PERFLEX', 'PASTILHA ADESIVA START LAVANDA C/3', 'SABAO EM BARRA YPE 5 UNID PCT']
DA Maquinas e Equipamentos de Informatica;['SWITCH 8 PORTAS 10/100/100', 'TECLADO E MOUSE SEM FIO', 'MOUSE OTICO SEM FIO', 'SWITCH 8 PORTAS 10/100/100', 'SUPORTE TELA MONITOR', 'SSD UN SOLIDA ARMAZENAMENTO MEMORIA', 'FONE DE OUVIDO INTRA EH 104 PRETO LECOO', 'PLACA 8RAP', 'SMARTPHONE SAMSUNG GALAXY A15', 'SMARTPHONE SAMSUNG GALAXY A15', 'ROTEADOR', 'ROTEADOR', 'MEMORIA RAM', 'MONITORES TV/ PC', 'ESTABILIZADOR', 'TECLADO E MOUSE SEM FIO MICROSOLT DESKTOP 2000', 'CARREGADOR BATERIA HYC015', 'GABINETE PC C/FONTE', 'SWITCH 8 PORTAS 10/100/100', 'CELULAR - GALAXY A15 (128GB)', 'NOBREAK', 'PEN DRIVE', 'TECLADO E MOUSE SEM FIO', 'CABO HDMI', 'TECLADO E MOUSE SEM FIO', 'MONITORES TV/ PC', 'MONITORES TV/ PC', 'CELULAR DESBLOQUEADO SANSUMG GALAXY A14 2G 128 GB PRETO', 'MOUSE', 'TECLADO', 'COBRA HEADSET', 'CABO DE FORÇA', 'CELULAR DESBLOQUEADO SANSUMG GALAXY A14 2G 128 GB PRETO', 'TELEFONE PLENO', 'MONITORES TV/ PC']
DA Material Escritório;['MOUSE OTICO SEM FIO 5 BOTOES MAX PRINT', 'FONTE PARA NOTEBOOK HP 19V 90W PINO G', 'CALCULADORA ESCRITORIO', 'SULFITE MAGNUM DIGITAL PCT 500 FOLHAS', 'GRAMPO 26/6 GALVANIZADO C/5000 GOLDEN KRAFT', 'CORRETIVO FITA JOCAR', 'COLA A COLAPEL 1000 GR', 'MARCA TEXTO CORES', 'CALCULADORA ESCRITORIO', 'PORTA LAPIS/CLIPS/LEMBRETE CRISTAL', 'FITA MAQUINA SOMAR CALCULADORA', 'GRAFITE PONTA LAPISEIRA', 'LAPISEIRA', 'BORRACHA ESCRITORIO', 'TESOURA ESCRITORIO', 'BOBINA TERMICA CALCULADORA', 'ESTABILIZADOR ATF 750VA BIVOLT/110V EMPLAC F60011', 'PEN DRIVE', 'PAPEL HIGIENICO ', 'BOMBOM CAIXA', 'AÇUCAR CRISTAL 5 KILOS', 'CAFE PACAEMBU', 'COPO PLASTICO 180 ML 100 UND ECOCOPO', 'COPO PLASTICO 180 ML 100 UND ECOCOPO', 'ESTILETE', 'SULFITE MAGNUM DIGITAL PCT 500 FOLHAS', 'TECLADO USB KB101 LECOO', 'SULFITE COPIA COLORIDA SIMPLES', 'CALCULADORA ESCRITORIO', 'CANETA ESFER BIC CRISTAL AVULSO', 'PINCEL ATOMICO RECARREGAVEL AZUL', 'CALCULADORA ESCRITORIO GENERAL 2117 REFORMA E REVISAO GERAL', 'ETIQUETA ADESIVA ROLO 90X60', 'PLACA SINALIZACAO 20X15 FEMININO/MASCULINO', 'PLACA SINALIZACAO 20X15 FEMININO/MASCULINO', 'SULFITE MAGNUM DIGITAL PCT 500 FOLHAS', 'BLOCO RECADO ADESIVO POSTITI 38X50', 'MARCA TEXTO CORES', 'CLIPS 8/0 GOLDEN KRAFT CX 170 UNID', 'CLIPS 2/0 GOLDEN KRAFT CX 720 UNID', 'GRAMPO 26/6 GALVANIZADO C/5000 GOLDEN KRAFT', 'PASTA L NEW LINE PCT 10 ESP 0,15', 'PORTA LAPIS/CLIPS/LEMBRETE CRISTAL', 'LAPIS ESCREVER 1205', 'LAPISEIRA', 'GRAFITE PONTA LAPISEIRA', 'CANETA ESFER BIC CRISTAL AVULSO', 'CADERNO 1X1 80 FOLHAS', 'ENVELOPE 17x25 cx 250 UNID', 'ARQUIVO MORTO PAPELAO PCT 25']
DA Monitoramento e Segurança;['PRESTAÇÃO DE SERVIÇOS DE CONTROLADORIA DE ACESSO', 'PRESTAÇÃO DE SERVIÇOS DE CONTROLADORIA DE ACESSO', 'SERVIÇOS PRESTADOS SJBV 02/2024', 'PRESTAÇÃO DE SERVIÇO', 'PRESTAÇÃO DE SERVIÇO', 'MANUTENÇÃO SENSOR SETOR 8', 'PRESTAÇÃO DE SERVIÇO', 'PRESTAÇÃO DE SERVIÇO', 'PRESTAÇÃO DE SERVIÇO DE VIGILANCIA E SEGURANÇA - 23/05 - 18:45HRS A 06:00HRS', 'PRESTAÇÃO DE SERVIÇO', 'SERVICOS DE VIGILANCIA', 'PRESTAÇÃO DE SERVIÇO', 'SERVICOS DE VIGILANCIA', 'PRESTAÇÃO DE SERVIÇO', 'SERVICOS DE VIGILANCIA', 'SERVICOS DE VIGILANCIA', 'SERVICOS DE VIGILANCIA', 'SERVICOS DE VIGILANCIA', 'SERVICOS DE VIGILANCIA', 'SERVICOS DE VIGILANCIA', 'SERVICOS DE VIGILANCIA', 'PRESTAÇÃO DE SERVIÇO DE CONTROLADORIA DE ACESSO 24 HRS', 'PRESTAÇÃO DE SERVIÇO DE CONTROLADORIA DE ACESSO 24 HRS', 'PRESTAÇÃO DE SERVIÇO DE CONTROLADORIA DE ACESSO 24 HRS', 'PRESTAÇÃO DE SERVIÇO DE CONTROLADORIA DE ACESSO 24 HRS', 'PRESTAÇÃO DE SERVIÇO DE MARJORAÇÃO DE CARGA HORARIA 03/2024 (FORTRESS)', 'PRESTAÇÃO DE SERVIÇO DE MONITORAMENTO', 'PRESTAÇÃO DE SERVIÇO - MARJORAÇÃO DE CARGA HORARIA 04/2024 (FORTRESS)', 'SERVICOS DE VIGILANCIA', 'SERVICOS DE VIGILANCIA - REFERENTE À 12/2024', 'SERVICOS DE VIGILANCIA - MONITORAMENTO 12/2024', 'SERVICOS DE VIGILANCIA - MONITORAMENTO 01/2025', 'PRESTAÇÃO DE SERVIÇO - MONITORAMENTO 01/2025', 'SERVICOS DE VIGILANCIA - CONTROLADORIA DE ACESSO REFERENTE À 01/2025', 'SERVICOS DE VIGILANCIA - MARJORAÇÃO DE CARGA HORÁRIA - COMPETÊNCIA 05/2024', 'PRESTAÇÃO DE SERVIÇO- CONTROLADORIA DE ACESSO', 'PRESTAÇÃO DE SERVIÇO- CONTROLADORIA DE ACESSO (MARJORAÇÃO)', 'PRESTAÇÃO DE SERVIÇO', 'PRESTAÇÃO DE SERVIÇO - MONITORAMENTO MENSAL', 'PRESTAÇÃO DE SERVIÇO REPARO E INSTALAÇÃO ALARMES - INSTALAÇÃO DE NOVO - BOTÃO PANICO', 'PRESTAÇÃO DE SERVIÇO - POSTO DE VIGIA RONDA 44H SEMANAIS COM VEÍCULO', 'PRESTAÇÃO DE SERVIÇO MONITORAMENTO MENSAL', 'PRESTAÇÃO DE SERVIÇO', 'PRESTAÇÃO DE SERVIÇO MONITORAMENTO MENSAL', 'PRESTAÇÃO SERVIÇOS DE TERCEIRO - PODIUM']
DA Serviço Terceirizado de Informatica;['LICENÇA USO MENSAL SOFTWARE', 'SERVIÇO TÉCNICO EM INFORMATICA', 'GERENCIAMENTO DE TI', 'LICENCIAMENTO SOFTWARE ANTI-VIRUS', 'GERENCIAMENTO DE TI', 'PRESTAÇÃO DE SERVIÇOS EM INFORMATICA', 'PRESTAÇÃO DE SERVIÇOS EM INFORMATICA', 'GERENCIAMENTO DE TI', 'LOCAÇÃO DE BENS E EQUIPAMENTOS EM GERAL IMPRESSORA', 'LOCAÇÃO DE BENS E EQUIPAMENTOS EM GERAL IMPRESSORA', 'PRESTAÇÃO DE SERVIÇOS EM INFORMATICA', 'PRESTAÇÃO DE SERVIÇOS EM INFORMATICA', 'LICENCIAMENTO SOFTWARE COMERCIAL MERCOS', 'PRESTAÇÃO DE SERVIÇOS EM INFORMATICA', 'GERENCIAMENTO DE TI', 'SERVIÇO DE PROCESSAMENTO/ARMAZENAMENTO/HOSPEDAGEM (FSIST)', 'BACKUP ACRONIS NUVEM', 'PRESTAÇÃO DE SERVIÇO', 'GERENCIAMENTO DE TI', 'PRESTAÇÃO DE SERVIÇO', 'PRESTAÇÃO DE SERVIÇO', 'BACKUP ACRONIS NUVEM', 'PRESTAÇÃO DE SERVIÇO', 'GERENCIAMENTO DE TI', 'BACKUP ACRONIS NUVEM', 'UPGRADE BACKUP ACRONIS', 'PRESTAÇÃO DE SERVIÇO', 'PRESTAÇÃO DE SERVIÇO', 'PRESTAÇÃO DE SERVIÇO', 'GERENCIAMENTO DE TI', 'PRESTAÇÃO DE SERVIÇO', 'PRESTAÇÃO DE SERVIÇO', 'PRESTAÇÃO DE SERVIÇO', 'PRESTAÇÃO DE SERVIÇO', 'PRESTAÇÃO DE SERVIÇO', 'PRESTAÇÃO DE SERVIÇO', 'PRESTAÇÃO DE SERVIÇO', 'PRESTAÇÃO DE SERVIÇO', 'PRESTAÇÃO DE SERVIÇO', 'PRESTAÇÃO DE SERVIÇO', 'PRESTAÇÃO DE SERVIÇO', 'PRESTAÇÃO DE SERVIÇO', 'PRESTAÇÃO DE SERVIÇO', 'PRESTAÇÃO DE SERVIÇO', 'PRESTAÇÃO DE SERVIÇO', 'HOSPEDAGEM NA INTERNET', 'PRESTAÇÃO DE SERVIÇO', 'PRESTAÇÃO DE SERVIÇO', 'PRESTAÇÃO DE SERVIÇO', 'PRESTAÇÃO DE SERVIÇO']
DA Serviço Terceiro;['PRESTAÇÃO DE SERVIÇO - POWER BI', 'CLAMP ACCESSORY PACK', 'SERVIÇO DE MAQUINA', 'SERVIÇOS PRESTADOS SJBV ISS 4%', 'PRESTAÇÃO DE SERVIÇO', 'PRESTAÇÃO DE SERVIÇO', 'PRESTAÇÃO DE SERVIÇOS DE CONTROLADORIA DE ACESSO', 'PRESTAÇÃO DE SERVIÇOS DE CONTROLADORIA DE ACESSO', 'PRESTAÇÃO DE SERVIÇO', 'PRESTAÇÃO DE SERVIÇO', 'PRESTAÇÃO DE SERVIÇO', 'PRESTAÇÃO DE SERVIÇO', 'SERVIÇO DE LOCAÇÃO DE CAÇAMBA PARA DESCARTE DE RESIDUOS E ENTULLHOS', 'DEDETIZAÇÃO', 'PRESTAÇÃO DE SERVIÇO', 'PRESTAÇÃO DE SERVIÇO', 'SERVIÇO DE LOCAÇÃO DO CAMINHÃO MUNCK P/ IÇAMENTO E MOVIMENTAÇÃO PARA REMOÇÃO DO MOTOR CARRO DA PONTE ROLANTE', 'SERVIÇO DE LOCAÇÃO DE DOIS CAMINHÕES MUNCK P/ IÇAMENTOS DE DOBRADEIRAS E GUILHOTINA (04 MAQUINAS)', 'PRESTAÇÃO DE SERVIÇO', 'PRESTAÇÃO DE SERVIÇO', 'SERVIÇO DE LOCAÇÃO DE CAMINHÃO MUNCK', 'PRESTAÇÃO DE SERVIÇO', 'SERVIÇO MENSAL DE CONTROLE DE PRAGAS', 'PRESTAÇÃO DE SERVIÇO', 'PRESTAÇÃO DE SERVIÇO', 'PRESTAÇÃO DE SERVIÇO', 'PRESTAÇÃO DE SERVIÇO', 'PRESTAÇÃO DE SERVIÇO', 'PRESTAÇÃO DE SERVIÇO', 'PRESTAÇÃO DE SERVIÇO', 'PRESTAÇÃO DE SERVIÇO - CONTROLE DE PRAGAS', 'PRESTAÇÃO DE SERVIÇO', 'PRESTAÇÃO DE SERVIÇO', 'PRESTAÇÃO DE SERVIÇO - CONTROLE DE PRAGAS', 'PRESTAÇÃO DE SERVIÇO - CONTROLE DE PRAGAS', 'PRESTAÇÃO DE SERVIÇO', 'PRESTAÇÃO DE SERVIÇO- SERVIÇOS MC CUNHA', 'PRESTAÇÃO DE SERVIÇOS- INSTALAÇÃO DE RELOGIO DE PONTO', 'PRESTAÇÃO DE SERVIÇO  - TARIFA MERCADO PAGO', 'SERVIÇOS PRESTADOS']
DA Serviços de Consultoria/Assessoria;['PRESTAÇÃO DE SERVIÇO LAUDO MEDIÇÃO ELEKTRO', 'PRESTAÇÃO DE SERVIÇO - ASSESSORIA MÊS FEVEREIROP 2024', 'PRESTAÇÃO DE SERVIÇO', 'SERVIÇOS PRESTADOS REF MÊS DE ABRIL 2024.', 'PRESTAÇÃO DE SERVIÇO', 'SERVIÇOS PRESTADOS REF MÊS MAIO 2024', 'PRESTAÇÃO DE SERVIÇO', 'PRESTAÇÃO DE SERVIÇO', 'SERVIÇOS PROF TOMADOS DE PJ', 'PRESTAÇÃO DE SERVIÇO', 'PRESTAÇÃO DE SERVIÇO', 'PRESTAÇÃO DE SERVIÇO', 'PRESTAÇÃO DE SERVIÇO', 'SERVIÇOS PROF TOMADOS DE PJ', 'PRESTAÇÃO DE SERVIÇO', 'PRESTAÇÃO DE SERVIÇO', 'PRESTAÇÃO DE SERVIÇO', 'PRESTAÇÃO DE SERVIÇO', 'PRESTAÇÃO DE SERVIÇO', 'PRESTAÇÃO DE SERVIÇO', 'PRESTAÇÃO DE SERVIÇO - CONSULTORIA/ DESENVOLVIMENTO DE SISTEMA', 'PRESTAÇÃO DE SERVIÇO', 'PRESTAÇÃO DE SERVIÇO', 'PRESTAÇÃO DE SERVIÇO', 'PRESTAÇÃO DE SERVIÇO', 'PRESTAÇÃO DE SERVIÇO PARA SISTEMA VIASOFT KORP', 'PRESTAÇÃO DE SERVIÇO - OS 2025040206 KORP', 'PRESTAÇÃO DE SERVIÇO', 'PRESTAÇÃO DE SERVIÇO', 'PRESTAÇÃO DE SERVIÇO PARA SISTEMA VIASOFT KORP', 'PRESTAÇÃO DE SERVIÇO PARA SISTEMA VIASOFT KORP', 'PRESTAÇÃO DE SERVIÇO EM INFORMÁTICA', 'PRESTAÇÃO DE SERVIÇO', 'PRESTAÇÃO DE SERVIÇOS EM SISTEMAS', 'PRESTAÇÃO DE SERVIÇOS EM SISTEMAS', 'PRESTAÇÃO DE SERVIÇOS EM SISTEMAS -  LDUK', 'PRESTAÇÃO DE SERVIÇOS EM SISTEMAS', 'PRESTAÇÃO SERVIÇOS DE TERCEIRO']
DA Sistema de Gestão;['RENOVAÇÃO SISTEMA VHSYS', 'LICENCIAMENTO SOFTWARE COMERCIAL MERCOS', 'LICENCIAMENTO SOFTWARE COMERCIAL MERCOS', 'POWER BI PRO', 'PRESTAÇÃO DE SERVIÇO', 'MONITOR DE NOTAS 07/03/2024 - 06/04/2024', 'LICENCIAMENTO SOFTWARE COMERCIAL MERCOS', 'PRESTAÇÃO DE SERVIÇO ELABORAÇÃO DE DOCUMENTOS', 'PRESTAÇÃO DE SERVIÇO', 'Monitor de notas pacote', 'POWER BI PRO', 'SERVIÇOS DE HOSPEDAGEM', 'SERVIÇOS DE HOSPEDAGEM', 'PRESTAÇÃO DE SERVIÇO', 'PRESTAÇÃO DE SERVIÇO', 'SERVIÇOS DE HOSPEDAGEM, ARMAZENAMENTO E PROCESSAMENTO DE DADOS.', 'MONITOR DE NOTAS PACOTE', 'POWER BI PRO', 'SERVIÇOS DE HOSPEDAGEM, ARMAZENAMENTO E PROCESSAMENTO DE DADOS.', 'POWER BI PRO', 'PRESTAÇÃO DE SERVIÇO', 'PRESTAÇÃO DE SERVIÇO', 'PRESTAÇÃO DE SERVIÇO', 'PRESTAÇÃO DE SERVIÇO', 'POWER BI PRO', 'PRESTAÇÃO DE SERVIÇO', 'PRESTAÇÃO DE SERVIÇO', 'POWER BI PRO', 'PRESTAÇÃO DE SERVIÇO', 'PRESTAÇÃO DE SERVIÇO', 'PRESTAÇÃO DE SERVIÇO', 'PRESTAÇÃO DE SERVIÇO', 'POWER BI PRO', 'PRESTAÇÃO DE SERVIÇO', 'PRESTAÇÃO DE SERVIÇO', 'PRESTAÇÃO DE SERVIÇO', 'PRESTAÇÃO DE SERVIÇO', 'PRESTAÇÃO DE SERVIÇO', 'PRESTAÇÃO DE SERVIÇO DE PLANEJAMENTO E PADRONIZAÇÃO PARA INVENTARIO FISICO', 'PRESTAÇÃO DE SERVIÇO DE SISTEMA FSIST', 'PRESTAÇÃO DE SERVIÇO DE FORNECIMENTO E PROCESSAMENTO DE DADOS', 'PRESTAÇÃO DE SERVIÇO SISTEMA DE GESTAO S.A.', 'POWER BI PRO', 'PRESTAÇÃO DE SERVIÇO DE LICENCIAMENTO OU CESSÃO DE DIREITO DE USO DE PROGRAMAS DE COMPUTAÇÃO', 'PRESTAÇÃO DE SERVIÇO - (TRATAMENTO DE DADOS, PROVEDORES DE SERVIÇO E HOSPEDAGEM NA INTERNET)', 'PRESTAÇÃO DE SERVIÇO - SISTEMA DE GESTÃO', 'PRESTAÇÃO DE SERVIÇO', 'PRESTAÇÃO DE SERVIÇO', 'PRESTAÇÃO DE SERVIÇO DE FORNECIMENTO E PROCESSAMENTO DE DADOS', 'PRESTAÇÃO DE SERVIÇO - (TRATAMENTO DE DADOS, PROVEDORES DE SERVIÇO E HOSPEDAGEM NA INTERNET)']
DL BZA-8G44;['PRESTAÇÃO DE SERVIÇO', 'PARALAMA PLASTICO', 'PARALAMA PLASTICO', 'PINHA DE CENTRO', 'MOLA TRUQUE LISA SEM FURO', 'PRESTAÇÃO DE SERVIÇO  TROCOU UM FEIXO DE MOLA', 'PRESTAÇÃO DE SERVIÇO - ENGRAXADA', 'CONSERTO CARROCERIA -  ALINHAR A TAMPA E SERVIÇO DE SOLDA', 'TARIFA DE ENSAIO - AFERIÇÃO DE TACOGRAFO', 'TARIFA DE SELAGEM - AFERIÇÃO DE TCOGRAFO', 'PRESTAÇÃO DE SERVIÇO - REVISAR SEIS RODAS COMPLETAS E TROCA DAS PEÇAS.', 'RETENTOR DE BORACHA', 'LONA DIANT. TRAS L-552 184', 'REBITE ALUMINIO 13X16', 'CHAPA DE SEGURANCA', 'ANEL DE VEDACAO RADIAL BORRACHA AÇO', 'JUNTA DE PAPEL', 'SILICONE PRETO SD', 'GRAXA DBL 6804.50 - SD', 'ROLAMENTO', 'MOLA PATIM FREIO 245MM SD*', 'TRAVA DE SEGURANCA DO CUBO', 'JUNTA DE BORRACHA/CORTICA', 'PRESTAÇÃO DE SERVIÇO MANUTENÇÃO DE FROTA']
DL Combustíivel Caminhões;['ARLA 32 AGENTE REDUTOR DE NOx 20 LITROS', 'OLEO DIESEL B S10 - COMUM ', 'ARLA GRANEL ', 'MOBIL DELVAC MX 15W40 -CX 24/1', 'ARLA GRANEL ', 'OLEO DIESEL B S10 - COMUM ', 'MOBIL DELVAC MX 15W40 -CX 24/1', 'ARLA GRANEL ', 'OLEO DIESEL B S500 COMUM ', 'OLEO DIESEL B S10 - COMUM ', 'ADITIVO ANTICORROSIVO P/RADIADOR 1000ML', 'MOBIL DELVAC MX 15W40 -CX 24/1', 'ARLA GRANEL ', 'ARLA GRANEL ', 'LUBRAX EXTRA TURBO CH 4 1LITRO', 'OLEO DIESEL B S10 - COMUM ', 'OLEO DIESEL B S10 - COMUM ', 'OLEO DIESEL B S500 COMUM ', 'OLEO DIESEL B S10 - COMUM ', 'ARLA GRANEL ', 'ARLA', 'ARLA GRANEL ', 'ADITIVO ANTICORROSIVO P/RADIADOR 1000ML', 'LUBRAX EXTRA TURBO CH 4 1LITRO', 'OLEO DIESEL B S10 - COMUM ', 'OLEO DIESEL B S500 COMUM ', 'ARLA GRANEL ', 'OLEO DIESEL B S10 - COMUM ', 'ADITIVO ANTICORROSIVO P/RADIADOR 1000ML', 'OLEO DIESEL B S500 COMUM ', 'OLEO DIESEL B S10 - COMUM ', 'ARLA GRANEL ', 'OLEO DIESEL B S10 - COMUM ', 'ARLA GRANEL', 'AREON MON LEATHER INTERIOR', 'AREON MON LEATHER INTERIOR', 'ARLA GRANEL ', 'OLEO DIESEL B S10 - COMUM ', 'OLEO DIESEL B S10 - COMUM ', 'OLEO DIESEL B S10 - COMUM ', 'OLEO DIESEL B S500 COMUM ', 'OLEO DIESEL B S10 - COMUM ', 'OLEO DIESEL B S10 - COMUM ', 'OLEO DIESEL B S10 - COMUM ', 'OLEO DIESEL B S10 - COMUM ']
DL Combustíivel Carros;['GASOLINA C COMUM', 'ETANOL HIDRTADO COMUM ', 'OLEO DIESEL B S500 COMUM ', 'ETANOL HIDRTADO COMUM ', 'GASOLINA C ADITIVADA ', 'GASOLINA C COMUM', 'GASOLINA C COMUM', 'ETANOL HIDRTADO COMUM ', 'GASOLINA C COMUM', 'GASOLINA C COMUM', 'ETANOL HIDRTADO COMUM ', 'GASOLINA C ADITIVADA ', 'GASOLINA C COMUM', 'GASOLINA C ADITIVADA ', 'GASOLINA C COMUM', 'GASOLINA C COMUM', 'ETANOL HIDRTADO COMUM ', 'GASOLINA C COMUM', 'GASOLINA C COMUM', 'GASOLINA C COMUM', 'ADITIVO ANTICORROSIVO P/RADIADOR 1000ML', 'GASOLINA C COMUM', 'GASOLINA C COMUM', 'GASOLINA C COMUM', 'GASOLINA C COMUM', 'GASOLINA C COMUM', 'GASOLINA C COMUM', 'GASOLINA C COMUM', 'ETANOL HIDRTADO COMUM ']
DL DPF-5E82;['PRESTAÇÃO DE SERVIÇO - ABRIR CANAL DE TRAVA EM 16 VIAS DE PASTILHAS DE FREIO', 'CORDA 08MMX150M', 'LONA 8 6X8 FERROVIA (M²)', 'LONA 8 4X3 FERROVIA (M²)', 'ROLAMENTO', 'LONA DIANT TRAS L-552 184', 'TAMBOR DIANT LONA  184 01526/M 6302 SD', 'JUNTA DE BORRACHA/CORTICA', 'RETENTOR DIANT. 1718 SABO 01549', 'RETENTOR CUBO RODA DIANTEIRA 02049', 'CHAPA DE SEGURANÇA', 'MOLA PATIM FREIO 245MMSD', 'ROLAMENTO CUBO TRASEIRO 33116', 'TRAVA ARANHA CUBO TRAS', 'TAMBOR FREIO  - FRUM 3718', 'PARAFUSO RODA TRAS 22X110MM PORCA 32', 'ANEL DE VEDACAO RADIAL BORRACHA AÇO', 'JUNTA', 'SILICONE PRETO SD', 'GRAXA DBL 6804.50 - SD', 'REBITE 8X20 FTB', 'ROLAMENTO DE RODA 33 214 FERSA', 'ROLO CUBO TRAS EXT', 'PARAFUSO RODA 22X1-5X98', 'PAR. RODA TRASEIRA COMPLETO 22X110MM-PORCA 32', 'BOMBA DA AGUA SISTEMA CLIMATIZAÇÃO MAT PLASTICO', 'ELEMENTO REGULADOR', 'ANEL-O', 'RETENTOR PINHAO 1373N', 'RETENTOR PINHAO INT 1374V', 'PORCAS DODECAGONAIS COM COLAR', 'JUNTA DE PAPEL', 'JUNTA DA VALVULA TERMOSTATICA', 'SENSOR DE TEMPERATURA', 'BUJAO ROSCADO', 'PORCA DE RODA 22X32MM', 'ANEL DE PRESSAO', 'HIGIENIZAÇÃO E TROPCA DE INSUFILME', 'PRESTAÇÃO DE SERVIÇO', 'PRESTAÇÃO DE SERVIÇO - CORRIGIR VAZAMENTO DE OLEO NO DIFERENCIAL , TROCA DE VALVULA TERMOSTATICA E TUBO, ENGRAIXAR O VEICULO.', 'PRESTAÇÃO DE SERVIÇO - REVISAO DE OITO RODAS COMPLETAS E TROCAS DE PEÇAS', 'DISCO DE TACOGRAFO 7', 'CADEADO PADO HASTE LONGA', 'FLUIDO', 'SERVIÇO MANUTENÇÃO EM VEICULO']
DL Fretes e Carretos;['FRETE COLETA HEVIA REF NF 55779', 'FRETE COLETA ESTAMPMOL REF OC-43', 'FRETE COLETA PLACA IDENTIFICAÇÃO FAZAN OC-166', 'FRETE RADIO CONTROLE PONTE ROLANTE REF OC-245', 'FRETE BUSCAR ADESIVOS GM', 'FRETE COLETA CHAPA EVA REF PEDIDO 316 NF-56024', 'FRETE CINTA REVENDA POLIFITEMA REF OC-402 NF 6972', 'FRETE BUSCAR CHAPA EVA REF OC-378 NF-56155', 'FRETE', 'FRETE COLETA AGUIA FIX', 'FRETE REF COLETA POLIFITEMA NF 7304', 'FRETE COLETA ESTAMPMOL (869 /4503336338 /\nIVECO /RACK PLAFONIEIRA PLAFONIEIRA - 100 UNIDADES)', 'FRETE COLETAR MOLA ESTAMPMOL 869\n\n\n4503336338\nIVECO\nRACK PLAFONIEIRA PLAFONIEIRA - 100 UNIDADES', 'FRETE / LOCAÇÃO MUNCK CARREGAMENTO E TRANSPORTE PONTE ROLANTE', 'FRETE ENTREGA RACKS PLASCAR NIVUS PEDIDO:1001814', 'FRETE ENTREGA CLAMPS 1012533732B2 KOHLER CLAMPS  - 156 MIL UNIDADES', 'FRETE COLETA MOLA ESTAMPMOL NF 1297', 'FRETE TERCEIRO - 386 KM C1286', 'FRETE TERCEIRO - CELSO / 340 KM / C1441', 'FRETE TERCEIRO - DRAGÃO / 422 KM / C1413', 'FRETE TERCEIRO - RONALDO / 655 KM / C1423', 'FRETE TERCEIRO - RONILDO / 206 KM / C1418', 'FRETE TERCEIRO - ERNESTO / 221 KM / C1427', 'FRETE TERCEIRO - PEDÁGIO', 'FRETE SANTA ISABEL - LUIZ MOYSES', 'FRETE TERCEIRO - DRAGÃO / 510 KM / C1437', 'FRETE TERCEIRO - CLEBIO / 570 KM / C1408', 'FRETE TERCEIRO - ERNESTO / 318 KM / C1439', 'FRETE TERCEIRO - RONILDO / 283 KM / C1449', 'FRETE TERCEIRO - RONADO / 395 KM / C1450', 'FRETE TERCEIRO - ERNESTO / 202 KM / C1463', 'FRETE SANTA IZABEL - ORLANDO', 'FRETE SANTA IZABEL - CLEBIO', 'FRETE SANTA IZABEL - LUCAS', 'FRETE TERCEIRO - CELSO / 293 KM / C1455', 'FRETE TERCEIRO- RONALDO / 366KM / C1473', 'FRETE TERCEIRO - RONILDO / 196 KM / C 1467', 'FRETE TERCEIRO - PAULO / 417 KM / C 1407', 'FRETE TERCEIRO - PARDAL KM FECHADO', 'FRETE TERCEIRO - PAULO / 449 KM / C1451', 'FRETE TERCEIRO - LUIZ / 488 KM / C1425', 'FRETE TERCEIRO- PAULO / 300 KM/ C 1478', 'FRETE TERCEIRO- DRAGÃO / 370 KM / C1469', 'FRETE TERCEIRO - RONILDO / 244 KM / C1486', 'FRETE TERCEIRO - PEDÁGIO', 'FRETE TERCEIRO - CELSO / 438 KM / C1476', 'FRETE TERCEIRO - CRISTIANO / 285 KM / C1377', 'FRETE TERCEIRO - CRISTIANO / 331 KM / C1482', 'FRETE TERCEIRO - CRISTIANO / 530 KM / C1431', 'FRETE TERCEIRO - PAULO / 225 KM / C1490']
DL GEO-3J53;['PRESTAÇÃO DE SERVIÇO', 'PRESTAÇÃO DE SERVIÇOS - BALANCEAMENTO COM MICROESFERA', 'LONA', 'MOLA', 'CHAPA', 'JUNTA', 'SILICONE', 'RETENTOR', 'GRAXA', 'JUNTA DE PAPEL', 'TAMBOR', 'TAMBOR', 'ROLAMENTO 6000DDU', 'PRESTAÇÃO DE SERVIÇO - REVISOU RODAS 4 EIXO COPLETO COM TROCA DE TAMBOR DE FREIO', 'PRESTAÇÃO DE SERVIÇO - ABRIR CANAL DE BRACO EM 8 VIAS DE PASTILHAS DE FREIO', 'PRESTAÇÃO DE SERVIÇO - 1 DESMONTAGEM DE PNEU - 1 TROCA DE ESTEPE', 'PRESTAÇÃO DE SERVIÇO - VERIFICAR TODAS AS LUZES LAMPADA QUEIMADA', 'LAMPADA P/ LANT. . UNI 5W/24V', 'SERVIÇOS PRESTADOS - REPARO LONAS', 'SERVIÇOS PRESTADOS - TROCA DE PNEU EM VIAGEM']
DL Manutenção de Caminhões;['SERVIÇOS PRESTADOS ALINHAMENTO/BALANCEAMENTO/DESMONTAGEM E MONTAGEM CAMINHAO MB ATEGO BZA-8G44', 'LONA 8 4X3 FERROVIA', 'SERVIÇOS PRESTADOS ALINHAMENTO/BALANCEAMENTO/DESMONTAGEM E MONTAGEM CAMINHAO MB ACCELO PLACA FBR-0F38', 'MANGUEIRA TECALON 8 MM', 'BICO PARA PNEU SEM CAMARA', 'BOTAO CONECTOR AR', 'ENGATE RAPIDO', 'SERVIÇO DE ELETRICA VEICULO', 'LAMPADA B/VIDRO PEQUENO 12V', 'FUSIVEL LAMINA 30 AMPERES', 'PRESTAÇÃO DE SERVIÇO MECANICA CAMINHAO', 'SERVIÇO DE ELETRICA VEICULO', 'SERVIÇO DE PNEUS ALINHAMENTO E BALANCEAMENTO CAMINHAO RODRIGO PLACA FBR-0F38', 'SERVIÇO DE PNEUS MONTAGEM PNEU NO ESTEPE CAMINHAO RODRIGO PLACA FBR-0F38', 'PNEU 235/75R 17.5 18PR 143/141J', 'PALHETA LIMPADOR CAMINHAO VALDIR', 'FRANQUIA PARABRISA CAMINHAO ACCELO PLACA FBR-0538', 'SERVIÇO DE ENGRAXAR CAM PLACA BZA-8G44 (PIVATI)', 'SERVIÇO DE ENGRAXAR CAM PLACA GEO-3J53 (BETAO)', 'SERVIÇO DE ENGRAXAR CAM BZA-8G44 (BETAO)', 'SERVIÇO DE ENGRAXAR CAM PLACA GEO-3J53 (BETAO)', 'SERVIÇO DE ENGRAXAR A ALONGADOR BICO CAM PLACA FBR-0F38 (RODRIGO)', 'SERVIÇO DE ENGRAXAR E RODIZIO CAM GEE-2H76(VALDIR)', 'SERVIÇO DE ENGRAXAR CAM GEO-3J53 (BETAO)', 'SERVIÇO DE ENGRAXAR CAM PLACA BZA-8G44(PIVATI)', 'CINTA CARGA CAMINHAO CONJUNTO AMARR. CM PC0,35 PES GJ 50MM COR LARANJA 5', 'LONA 8 8X5 FERROVIA', 'CORDA 10 MM X 350 M', 'PRESTAÇÃO DE SERVIÇO TORNEAR TAMBOR , ABRIR CANALETA DE 8 PINOS DO PATINHO) BZA-8G44 PIVATI', 'PRESTAÇÃO DE SERVIÇO TORNEAR TAMBOR ABRI CANALTA DE 8 PINOS DO PATINHO GEE-2H76 VALDIR', 'SENSOR DO RESERVATORIO INTERNO CLIMATIZA (CAM MB ATEGO 2430 PLACA GEE-2H76)', 'BOMBA DA AGUA SISTEMA CLIMATIZAÇÃO MAT PLASTICO (CAM MB ATEGO 2430 PLACA GEE-2H76)', 'PRESTAÇÃO DE SERVIÇO COMPONENTES CLIMATIZAÇÃO (CAM MB ATEGO 2430 PLACA GEE-2H76)', 'SERVIÇO DE MECANICA EM CAMINHAO RESERVATORIO AGUA, LAMPADAS FAROL, FLUIDO RADIADOR CAM ACCELO PLACA FBR-0F38 RODRIGO', 'SERVIÇO DE MECANICA EM CAMINHAO REVISAR DUAS RODAS TRUCK COMTROCAS, LONAS,RETENTORES,GRAXA CAM GEE-2H76 VALDIR', 'SERVIÇO DE MECANICA EM CAMINHAO  REVISAR DUAS RODAS TRUCK COMTROCAS, LONAS,RETENTORES,GRAXA CAM BZA-8G44 PIVATI', 'JOGO LONA FREIO COM REBITE', 'TRAVA ARANHA', 'JUNTA CALOTA', 'ROLAMENTO DIANTEIRO EXTERNO', 'SILICONE INCOLOR ACETICO 50 GR', 'GRAXA', 'RETENTOR', 'RETENTOR DIANTEIRO', 'JUNTA', 'OLEO P/MOTOR 15W40-MB 228.3(DBL', 'JOGO DE FILTROS DO MOTOR 6 CILINDROS', 'ELEMENTO DE FILTRO DE AR', 'FILTRO ANTIPOLEN', 'OLEO DIF.85W90 235.20 - SD']
DL Manutenção de Carros;['LAMPADA ESMAGADA T10 12V 5W', 'FILTRO OLEO W6M20', 'OLEO SHELL HX8 SP 5W30 GF6 GRANEL', 'OTIMIZADOR COMBUSTIVEL FLEX', 'VELA IGNICAO NG', 'SERVIÇOS PRESTADOS CABOS ALTA TENSAO TUBO DISTRIBUIDOR', 'SERVIÇO DE MECANICA FIAT STRADA PLACA GBB-6F83', 'OLEO MOTOR FIAT STRADA PLACA GBB-6F83', 'FILTRO OLEO FIAT STRADA PLACA GBB-6F83', 'KIT REVISAO PADRAO FIAT STRADA GBB-6F83', 'SERVIÇO REMOÇÃO E INSTALAÇÃO PARABRISA STRADA PLACA GBB-6F83', 'LAMPADA PARA LANTERNA UNIVERSAL 67 5W/24V', 'LAMPADA PARA LANTERNA UNIVERSAL 67 5W/24V', 'SERVIÇO DE ELETRICA VEICULO', 'SERVIÇO DE ELETRICA VEICULO', 'LAMPADA H4 12V', 'SERVIÇO DE CONSERTO PNEU GBB-6F83 (STRADA)', 'SERVIÇO DE CONSERTO PENU GHC-2G37 (MOBI)', 'SERVIÇO DE CONSERTO PNEU GBB-6F83(STRADA)', 'SERVIÇO DE CONSERTO PNEU GHC-2G37 (MOBI)', 'TANQUE DE COMPENSAÇÃO', 'SUPORTE VEICULAR PARA CELULAR', 'SERVIÇO DE PNEUS CONSERTO FIAT STRADA PLACA GBB-6F83', 'FILTRO DE AR C290031', 'FILTRO DE COMBUSTIVEL ', 'FILTRO DE OLEO', 'OLEO MOTOR ', 'REGULADOR DE VOLTAGEM', 'PRESTAÇÃO DE SERVIÇO', 'PRESTAÇÃO DE SERVIÇO', 'ELEMENTO DE FILTRO DE AR', 'OLEO MOTOR ', 'FILTRO OLEO ', 'FILTRO DE COMBUSTIVEL ', 'KIT REVISAO PADRAO', 'MOPAR BRAKE FLUID DOT 4', 'VELA IGNICAO NG', 'LAMPADA H4 HELLA 12V 60/55W', 'LAMPADA ESMAGADA T10 12V 5W HELLA', 'LAMPADA 2 POLOS HELLA 12V 21/5W', 'DIAGNOSTICO STRADA', 'PELICULA SOLAR 3M COLOR STABLE 5% 1,52 MT', 'PELICULA SOLAR 3M CPLOR STABLE 50% 1,02 M', 'COLA PARA MOTOR', 'ANEL TUBO DAGUA', 'OLEO 5W30 MOTOR CARRO', 'ADITIVO PARA RADIADOR', 'PRESTAÇÃO DE SERVIÇO', 'PRESTAÇÃO DE SERVIÇO', 'PRESTAÇÃO DE SERVIÇO']
DL Transporte, Frete, Motoboy;['transporte de equipamento para manutenção']
DO Embalagem;['SACO ZIP LOCK FECHO HERMETICO', 'CAIBRO DE PINUS', 'CAIBRO DE PINUS', 'SACO PLASTICO ZIP LOCK HERMETICO 7X10- Nº3 C/1000', 'CAIXA DE PAPELAO ONDA DUPLA 35X29X20XCM', 'CAIXA DE PAPELAO ONDA DUPLA 35X29X20XCM', 'PREGO 3,10 X 90 ESP', 'CAIBRO DE PINUS', 'CAIBRO DE PINUS', 'CAIBRO DE PINUS', 'PREGO 3,10 X 90 ESP', 'SACO PLASTICO ZIP LOCK HERMETICO 7X10- Nº3 C/1000', 'CAIXA DE PAPELAO ONDA DUPLA 35X29X20XCM', 'CAIXA DE PAPELAO ONDA DUPLA 35X29X20XCM', 'CAIBRO DE PINUS', 'CAIBRO DE PINUS', 'CAIBRO DE PINUS', 'CAIBRO DE PINUS', 'CAIBRO DE PINUS', 'SELO TR 25 X 57 X 0,90 POLIDO', 'FITA DE ACO BC ACME SD 25,40 X 0,80 SP', 'PREGO 3,10 X 90 ESP', 'EUCALIPTO 3000', 'EUCALIPTO 2400', 'SACO PLASTICO ZIP LOCK HERMETICO 7X10- Nº3 C/1000', 'FITA DE ACO BC ACME SD 25,40 X 0,80 SP', 'SACO PLASTICO ZIP LOCK HERMETICO 7X10- Nº3 C/1000', 'KIT 25 CHAPAS DE PAPELAO PARA CAIXAS 35X29X20XCM', 'KIT 25 CHAPAS DE PAPELAO PARA CAIXAS 35X29X20XCM', 'PREGO 3,10 X 90 ESP', 'FITA DE ACO BC ACME SD 25,40 X 0,80 SP', 'CAIBRO DE PINUS', 'CAIBRO DE PINUS', 'CAIBRO DE PINUS', 'PREGO 3,10 X 90 ESP', 'SACO PLASTICO ZIP LOCK HERMETICO 7X10- Nº3 C/1000', 'CAIBRO DE PINUS 3.000', 'CAIBRO DE PINUS 2.400']
DO Industrialização;['CLAMP ACCESSORY PACK', 'CLAMP ACCESSORY PACK', 'CLAMP ACCESSORY PACK', 'PLASCAR 260.564', 'PLASCAR 260.549', 'PLASCAR 260.547', 'INDUSTRIALIZAÇÃO ', 'CH XDZ 2,65 X 1200 X 6000', 'CH XDZ 2,65 X 1200 X 3000', 'CH XDZ 3,00 X 1200 X 3000', 'Corte Laser', 'Corte Laser', 'Corte Laser', 'CLAMP ACCESSORY PACK', 'CLAMP ACCESSORY PACK', 'CLAMP ACCESSORY PACK', 'CLAMP ACCESSORY PACK', 'CLAMP ACCESSORY PACK', 'CLAMP ACCESSORY PACK', 'CLAMP ACCESSORY PACK', 'CLAMP ACCESSORY PACK', 'CLAMP ACCESSORY PACK', 'CLAMP ACCESSORY PACK', 'CLAMP ACCESSORY PACK', 'CLAMP ACCESSORY PACK', 'CLAMP ACCESSORY PACK', 'CLAMP ACCESSORY PACK', 'CLAMP ACCESSORY PACK', 'CLAMP ACCESSORY PACK', 'CLAMP ACCESSORY PACK', 'CLAMP ACCESSORY PACK']
DO Insumos de Expedição;"['FITA DE ACO BC ACME SD 25,40 X 0,80 SP', 'SELO METALICO 25 X 57 INDUSTRIALIZADO', 'PRESTAÇÃO DE SERVIÇO COSTURA LONA CAMINHAO', 'PREGO 20X42', 'CHUMBADOR RB Ø 5/8""', 'HASTE ROSCADA SAE 1020 Ø 5/8 X 260 CP E ARRUELA', 'CHUMBADOR RB Ø 3/4', 'HASTE ROSCADA SAE 1020 Ø 5/8 X 260 CP E ARRUELA', 'SELO METALICO 25 X 57 INDUSTRIALIZADO', 'CINTA CARGA CAMINHAO CONJUNTO AMARR. CM PC0,35 PES GJ 50MM COR LARANJA 5', 'CINTA MODELO SLING FS 7:1 LARGURA 90MM CAMADA DUPLA COR AMARELA 3 TONELADAS 5 METROS ZERO CENTIMETROS', 'LAÇO CABO DE AÇO 9,5 MM 6X25', 'PREGO 20X42', 'CINTA MODELO SLING FS 7:1 LARGURA 90MM CAMADA DUPLA COR AMARELA 3 TONELADAS 5 METROS ZERO CENTIMETROS', 'PREGO 20X42', 'CINTA MODELO SLING FS 7:1 LARGURA 90MM CAMADA DUPLA COR AMARELA 3 TONELADAS 5 METROS ZERO CENTIMETROS', 'PREGO 20X42', 'FITA DE ACO BC ACME SD 25,40 X 0,80 SP', 'SELO METALICO 25 X 57 INDUSTRIALIZADO', 'PREGO 22X42', 'PREGO 22X42', 'PREGO 22X42', 'DESENGRIPANTE SPRAY 300 ML AEROFLEX', 'PREGO 20X48', 'FITA DE ACO BC ACME SD 25,40 X 0,80 SP', 'SELO METALICO 25 X 57 INDUSTRIALIZADO', 'PREGO 3,10 X 90 ESP( cx 4500 UND)', 'PREGADOR PNEUMATICO CN 100 (GT-13)', 'CINTA MOD SLING REDONDA FS 7:1 MODELO SLING COR LARANJA 15 TONELADAS 3 METROS 60 CENTIMETROS', 'CINTA MODELO SLING FS 7:1 LARGURA 90MM CAMADA DUPLA COR AMARELA 3 TONELADAS 5 METROS ZERO CENTIMETROS', 'ESTOPA COLORIDA 10 KILOS', 'MARCADOR INDUSTRIAL', 'ESPIGAO 5/16', 'BUCHA 3/8 MACHO X 1/4 FEMEA', 'FILTRO REGULADOR DE AR 1/2 BSP', 'ESPIGAO 5/16', 'MANGUEIRA PNEUMATICA', 'ENGATE RAPIDO', 'PINO FEMEA', 'CONSERTO DE LONA ENCERADA E CONSERTO DE CINTA', 'FITA DE ACO BC ACME SD 25,40 X 0,80 SP', 'SELO TR POL 25X60', 'FITA RELAMINADA 25,40 X 0,80 POLIDA', 'SELO TR 25 X 57 X 0,90 POLIDO', 'FITA RELAMINADA 0,80 X 25,4 - POLIDA', 'SELO TR 25 X 57 X 0,90 POLIDO', 'LAÇO CABO DE AÇO ALMA DE FIBRA 3/8 1 METRO 1 LADO SAPATILHA OUTRO LIVRE', 'CINTA MODELO SLING FS 7:1 LARGURA 90MM CAMADA DUPLA COR AMARELA 3 TONELADAS 5 METROS ZERO CENTIMETROS', 'PROTEÇÃO PARA CINTA - 1 METROS', 'SACO PLASTICO ZIP LOCK HERMETICO 7X10- Nº3 C/1000']"
DO Insumos de Manutenção de Ponte Rolante;"['ROLAMENTO NSK 6206ZZ', 'ROLAMENTO NSK 6004ZZ', 'RETENTOR ARCA 00834', 'RETENTOR ARCA 01543', 'RADIO CONTROLE PONTE ROLANTE SEM FIO', 'ROLAMENTO NSK 6204DDU', 'RELE TEMPORIZADOR 220V', 'RELE TEMPORIZADOR 220V', 'ROLAMENTO 6021', 'ROLAMENTO 6210', 'ROLAMENTO 6207', 'ROLAMENTO 6208', 'ROLAMENTO NKI 45/35', 'RETENTOR ARCA 01341 ST', 'PARAFUSO SEXTAVADO RI 3/8 X 1 POL. FE. ZB.', 'PINCEL TRINCHA', 'CINTA MODELO SLING FS 7:1 LARGURA 90MM CAMADA DUPLA COR AMARELA 3 TONELADAS 5 METROS ZERO CENTIMETROS', 'PRESTAÇÃO DE SERVIÇO CONSERTO REMBOBINAMENTO, TROCA DE ROLAMENTOS E TROCA DE RETENTORES MOTOR VASTEC', 'PRESTAÇÃO DE SERVIÇO CONSERTO E MANUTENÇÃO REMBOBINAMENTO TROCA DE ROLAMENTOS, TROCAR DE RETENTORES', 'KIT IDENTIFICADOR MARCADOR FIOS CABOS ANILHAS ', 'LUVA CABO CORRENTE 38X21,5X18', 'PONTEIRA PRETA REDONDA 1""', 'PONTEIRA PRETA REDONDA 1""', 'CABO FLEXIVEL ', 'CABO FLEXIVEL ', 'MANILHA CURVA 38,10 17,00T', 'ELO DE LIGAÇÃO GRAU 8 22mm', 'ANELAO FORJADO GAU 8 16T', 'MOTOR PONTE ROLANTE', 'ROLAMENTO NSK 6202DDU ST', 'T-C40:TRILHO GALVANIZADO PARA TROLLEY PORTA-CABO, PARA TALHA ELETRICA, MARCA SANSEI', 'T-C40:TRILHO GALVANIZADO PARA TROLLEY PORTA-CABO, PARA TALHA ELETRICA, MARCA SANSEI', 'T-C40:TRILHO GALVANIZADO PARA TROLLEY PORTA-CABO, PARA TALHA ELETRICA, MARCA SANSEI', 'T-C40:TRILHO GALVANIZADO PARA TROLLEY PORTA-CABO, PARA TALHA ELETRICA, MARCA SANSEI', 'CT-C40:CONECTOR DO TRILHO PARA TROLLEY PORTA-CABO, PARA TALHA ELETRICA, MARCA SANSEI', 'CT-C40:CONECTOR DO TRILHO PARA TROLLEY PORTA-CABO, PARA TALHA ELETRICA, MARCA SANSEI', 'CT-C40:CONECTOR DO TRILHO PARA TROLLEY PORTA-CABO, PARA TALHA ELETRICA, MARCA SANSEI', 'CT-C40:CONECTOR DO TRILHO PARA TROLLEY PORTA-CABO, PARA TALHA ELETRICA, MARCA SANSEI', 'CT-C40:CONECTOR DO TRILHO PARA TROLLEY PORTA-CABO, PARA TALHA ELETRICA, MARCA SANSEI', 'CT-C40:CONECTOR DO TRILHO PARA TROLLEY PORTA-CABO, PARA TALHA ELETRICA, MARCA SANSEI', 'CT-C40:CONECTOR DO TRILHO PARA TROLLEY PORTA-CABO, PARA TALHA ELETRICA, MARCA SANSEI', 'CT-C40:CONECTOR DO TRILHO PARA TROLLEY PORTA-CABO, PARA TALHA ELETRICA, MARCA SANSEI', 'CT-C40:CONECTOR DO TRILHO PARA TROLLEY PORTA-CABO, PARA TALHA ELETRICA, MARCA SANSEI', 'CT-C40:CONECTOR DO TRILHO PARA TROLLEY PORTA-CABO, PARA TALHA ELETRICA, MARCA SANSEI', 'ST-C40:SUPORTE DO TRILHO PARA TROLLEY PORTA-CABO, PARA TALHA ELETRICA, MARCA SANSEI', 'ST-C40:SUPORTE DO TRILHO PARA TROLLEY PORTA-CABO, PARA TALHA ELETRICA, MARCA SANSEI', 'ST-C40:SUPORTE DO TRILHO PARA TROLLEY PORTA-CABO, PARA TALHA ELETRICA, MARCA SANSEI', 'ST-C40:SUPORTE DO TRILHO PARA TROLLEY PORTA-CABO, PARA TALHA ELETRICA, MARCA SANSEI', 'ST-C40:SUPORTE DO TRILHO PARA TROLLEY PORTA-CABO, PARA TALHA ELETRICA, MARCA SANSEI', 'ST-C40:SUPORTE DO TRILHO PARA TROLLEY PORTA-CABO, PARA TALHA ELETRICA, MARCA SANSEI']"
DO Insumos de Maquinas e Equipamentos;['MARCADOR INDUSTRIAL ', 'LIQUIDO LIMPEZA DESENGRAXANTE,DECAPANTE E FOSFATIZANTE', 'PRISMA CLAMPS', 'PUNÇÃO CLAMPS', 'JG CHAVE', 'JG CHAVE', 'JG CHAVE', 'JG CHAVE', 'ALICATE', 'ALICATE', 'ALICATE', 'ALICATE', 'ALICATE', 'ALICATE', 'ALICATE', 'ALICATE', 'ALICATE', 'ALICATE', 'ALICATE', 'ALICATE', 'ALICATE', 'JG CHAVE', 'JG CHAVE', 'JG CHAVE', 'DETECTOR', 'CX SANF METAL', 'AMPERIMETRO FLUKE', 'ALICATE', 'REGISTRO ESFERA AR COMPRIMIDO 3/4', 'PISTOLA DE AR UNIVERSAL', 'PRESTAÇÃO DE SERVIÇO - CONJUNTO DE MATRIZ PUNÇÃO E PRISMA - SERVIÇO AFIAÇÃO - REBAIXO FERRAMENTA - RETRABALHO COM SOLDA', 'AFIAÇÃO DE PULSÃO E MATRIZ', 'PRESTAÇÃO DE SERVIÇO - RETIFICA DO PRISMA E TAMPAR UM FURO COM PINO REMOVIVEL', 'ROLAMENTO ppk6000', 'RETENTOR CUBO', 'PRESTAÇÃO DE SERVIÇO - MANUTENÇÃO NA FERRAMENTA DO CLAMPS', 'PRESTAÇÃO DE SERVIÇO - MANUTENÇÃO DAS FERRAMENTAS DO CLAMPS', 'PRESTAÇÃO DE SERVIÇO', 'BICO DUPLO 1.2MM RAYTOOLS BT240/240S', 'BICO DUPLO 1.5MM RAYTOOLS BT240/240S', 'CORPO CERAMICO', 'AGUA DESMINERALIZADA', 'JOGO DE ESCOVA 1607000V37', 'TELA AÇO INOX MALHA 100']
DO Manutenção de Máquinas e Equipamentos;"['ARAME MIG AEME CAPA CAPA AWS ER70S-6 1.0MM', 'PAQUIMETRO ANA UNIV 0- 300MM / 12"" 0.05MM (530-115) DIGIMESS', 'LIMPADOR DE BICO DE MACARICO (jg c/ 13 agulhas + lima) OMEGA', 'ALICATE MULTI FUNCAO P/ SOLDA MIG / MAG (CARBOGRAFITE)', 'MARRETA OITAV 3.0 KG C/ CABO RIO  CLARO', 'ESMERILHADEIRA 7"" 2.200W GWS 2200-180 - 220V', 'ESMERILHADEIRA 5"" 1.700W GWS 17-125 S - 220V', 'BICO MIG 30 X 1,2 MM', 'GUIA MIG ESPIRAL 1.2 X 5,5 MT', 'GUIA MIG ESPIRAL 1,2 X 3,5 MT', 'ELETRODO PL 105 PLASMA', 'BICO PL 65A PLASMA', 'BOCAL PL HTM 85A(MANUAL)', 'CAPA RETENTORA PLASMA', 'TOCHA MIG 470X 5 MT', 'CAPA DE RASPA C COSTURA  MM PARA TOCHA', 'ABRAÇADEIRA NYLON PRETA 3,6 X 250 MM', 'MINI CONTATOR AUXILIAR WEG 24VCA 10A 3NA 1NF CWCAO-3100V04', 'GUIA MIG ESPIRAL 1,2 X 3,5 MT', 'GUIA MIG ESPIRAL 1.2 X 5,5 MT', 'BICO MIG 30 X 1,2 MM', 'REGULADOR HARRIS 25GX 50 L ARGONIO', 'ELETRODO 3,25 7018', 'BOCAL MIG SBME450 12 MM LONGO FINO', 'BICO MIG 55X1,0 MM W5/16', 'ABRAÇADEIRA DE METAL PARA MANGUEIRA KIT 10 PEÇAS', 'MANGUEIRA CRISTAL TRANÇADA PARA GAS TIG MIG 5/16 VPT250', 'MODULO RETARDO 6 PINOS', 'PORTA ELETRODO TWECO 300A', 'GARRA NEGATIVA TWECO 300A', 'ESCOVA DO SAG BAMBOZZI', 'TAMPA DO PORTA ESOVA SAG', 'VALVULA SOLENOIDE 110V', 'GUIA MIG ESPIRAL 1.2 X 5,5 MT', 'GUIA MIG ESPIRAL 1,2 X 3,5 MT', 'BICO MIG 30 X 1,2 MM', 'REGULADOR FAMABRAS RI-03 ACETILENO', 'ELETRODO 6013 OK 46 2,5 MM', 'ELETRODO 7018 OK 4804 2,50 MM - ESAB', 'BICO MIG 30 X 1,2 MM ', 'NIPLE GALVANIZADO 1/4 ', 'MANOMETRO 0-50 LT/MIN G1/4"" 63 MM HARRIS', 'PORCA DE ENTRADA REGULADOR ARGONIO / N2.', 'VISOR MANOMETRO 60MM.ACRILICO', 'INTERMEDIARIA SAIDA HARRIS 825/25GX', 'MANOMETRO 0-50 LT/MIN G1/4"" 63 MM HARRIS', 'VALVULA FLEX 08', 'VEDACAO 801/825/818 HARRIS', 'PRESTAÇÃO DE SERVIÇO', 'TOURCH BLOCK LIQUIDO']"
DO Manutenção de Ponte Rolante;['SERVIÇO DE REBOBINAR MOTOR DE DUPLA POLARIDADE CV 1,2/0,6', 'PRESTAÇÃO DE SERVIÇO CONSERTO PONTE ROLANTE', 'PRESTAÇÃO DE SERVIÇO MANUTENÇÃO PREVENTIVA EM PONTE ROLANTE 10 TONELADAS VAO 20 METROS', 'PRESTAÇÃO DE SERVIÇO REF CALCULOS ESTRUTURAIS DOS PILARES , VIGAS ROLAMENTOS PARA PONTE ROLANTE 15 TON', 'PRESTAÇÃO DE SERVIÇO - MANUTENÇÃO DA PONTE ROLANTE', 'PRESTAÇÃO DE SERVIÇO DESMONTAR E REPARAR TALHA ELETRICA', 'PRESTAÇÃO DE SERVIÇO REBOBINAMENTO E TROCA DE ROLAMENTOS MOTOR WEG 12,5 CV PONTE ROLANTE', 'SERVIÇO DE LOCAÇÃO DE CAMINHÃO MUNCK PONTE ROLANTE', 'SERVIÇO DE LOCAÇÃO DE CAMINHÃO MUNCK PONTE ROLANTE', 'SERVIÇO DE LOCAÇÃO DE CAMINHÃO MUNCK PONTE ROLANTE', 'PRESTAÇÃO DE SERVIÇO USINAR PISTA RODAS PONTE ROLANTE 15 TON PARA RETIRADA DE DESGASTE PADRINIZAÇÃO 4 UNIDADES REFORMA PONTE ROLANTE', 'PRESTAÇÃO DE SERVIÇO', 'MANUTENÇÃO DA PONTE ROLANTE', 'PRESTAÇÃO DE SERVIÇO CONSERTO E MANUTENÇÃO REBOBINAMENTO, TROCA DE ROLAMENTO E RETENTORES DO MOTOR.', 'PRESTAÇÃO DE SERVIÇO', 'PRESTAÇÃO DE SERVIÇO', 'PRESTAÇÃO DE SERVIÇO', 'PRESTAÇÃO DE SERVIÇO', 'PRESTAÇÃO DE SERVIÇO', 'SERVIÇOS PRESTADOS SJBV ISS 4%', 'PRESTAÇÃO DE SERVIÇO', 'PRESTAÇÃO DE SERVIÇO', 'SERVIÇO TORNEIRO ( USINAR AJUSTE DE ROLAMENTO EIXOS DA PONTE )', 'PRESTAÇÃO DE SERVIÇO', 'PRESTAÇÃO DE SERVIÇO', 'PRESTAÇÃO DE SERVIÇO', 'PRESTAÇÃO DE SERVIÇO', 'TARUGO DE BORRACHA SBR 3POL X 500mm 65 SH +/- 5', 'PRESTAÇÃO DE SERVIÇO', 'PRESTAÇÃO DE SERVIÇO', 'BATERIA CHUMBO ACIDO SELADA EP12V-12AH', 'PRESTAÇÃO DE SERVIÇO', 'CINTA MODELO SLING 4 METROS', 'CINTA MODELO SLING 5 METROS', 'ROLAMENTO NSK 6212DDU', 'CFW500A 02 CONVERSOR DE FREQUENCIA', '4140 REDONDO 2.1/4', 'PRESTAÇÃO DE SERVIÇO', 'CIMAF CABO DE AÇO', 'CIMAF CABO DE AÇO', 'SERVIÇO DE LOCAÇÕES DOS CAMINHÕES MUNCK P/ LANÇAMENTO E MANUTENÇÃO DAS PONTES ROLANTES E TALHAS (N 0169)', 'PRESTAÇÃO DE SERVIÇO', 'ROLAMENTO 6000DDU', 'TRAVA E15', 'ANEL ELÁSTICO 135', 'PRESTAÇÃO DE SERVIÇO', 'LACO CABO AF 3/8', 'PRESTAÇÃO DE SERVIÇO DE REEMBOBINAMENTO NO MOTO FREIO', 'PRESTAÇÃO DE SERVIÇO DE ADAPTAÇÃO DE KOLER (FREIO PONTE ROLANTE)', 'PRESTAÇÃO DE SERVIÇO DE REPARO NO BARRAMENTO PONTE ROLANTE']
DP Confraternização;['CARTAO NATAL', 'CARTAO NATAL', 'BOMBOM', 'PRESTAÇÃO DE SERVIÇO - CARTÃO DE BOAS VINDAS PARA A MATRIZ E PARA A FILIAL', 'PERNIL SEM OSSO', 'TENDER NOBRE', 'LANCHES EM GERAL', 'LANCHES EM GERAL', 'LANCHES EM GERAL', 'LANCHES EM GERAL', 'BOMBOM CAIXA', 'BOMBOM CAIXA', 'CREME DE MÃOS', 'LANCHES EM GERAL', 'LANCHES EM GERAL', 'LANCHES EM GERAL', 'LANCHES EM GERAL', 'LANCHES EM GERAL', 'LANCHES EM GERAL', 'LANCHES EM GERAL', 'GARRAFA TIPO SQUEEZE DE ALUMINIO PERSONALIZADA 600ML COM TAMPA PLASTICA ROSQUEÁVEL, ALÇA E TAMPA PROTETORA PARA BOCAL - COR AZUL COM LOGO GEHFER EM IMPRESSÃO A LAZER', 'CHOCOLATE WAFER BIS BRANCO LACTA 100,8G', 'BOMBOM CAIXA LACTA 250,6G', 'BOMBOM CAIXA', 'ROLO FITILHO AZUL ROYAL', 'LAÇO MÁGICO COR VERMELHO', 'SACO DE PRESENTE TRANSPARENTE 20x30', 'CANECA DE VIDRO TRANSPARENTE', 'KIT CHURASCO INOX FACA /GARFO E PEGADOR COM ESTOJO', 'SACHE CAPUCCINO TRADICIONAL 20G', 'BOMBOM CAIXA', 'BISCOITO/BOLACHA ARTESANAL (PACOTE COM 3 UNIDADES)', 'ARRANJO DE FLORES  - FUNERAL MÃE ADRIANA CARROCIERI - LIMPEZA']
DP Diárias;['PAGAMENTO DE DIARIAS', 'PAGAMENTO DE DIARIAS', 'PAGAMENTO DE DIARIAS', 'PAGAMENTO DE DIARIAS', 'PAGAMENTO DE DIARIAS', 'PAGAMENTO DE DIARIAS', 'PAGAMENTO DE DIARIAS', 'PAGAMENTO DE DIARIAS', 'PAGAMENTO DE DIARIAS', 'PAGAMENTO DE DIARIAS', 'PAGAMENTO DE DIARIAS', 'PAGAMENTO DE DIARIAS', 'PAGAMENTO DE DIARIAS', 'PAGAMENTO DE DIARIAS', 'PAGAMENTO DE DIARIAS', 'PAGAMENTO DE DIARIAS', 'PAGAMENTO DE DIARIAS', 'PAGAMENTO DE DIARIAS', 'PAGAMENTO DE DIARIAS', 'PAGAMENTO DE DIARIAS', 'PAGAMENTO DE DIARIAS', 'PAGAMENTO DE DIARIAS', 'PAGAMENTO DE DIARIAS', 'PAGAMENTO DE DIARIAS', 'PAGAMENTO DE DIARIAS', 'PAGAMENTO DE DIARIAS', 'PAGAMENTO DE DIARIAS', 'PAGAMENTO DE DIARIAS', 'PAGAMENTO DE DIARIAS', 'PAGAMENTO DE DIARIAS', 'PAGAMENTO DE DIARIAS', 'PAGAMENTO DE DIARIAS', 'PAGAMENTO DE DIARIAS', 'PAGAMENTO DE DIARIAS', 'PAGAMENTO DE DIARIAS', 'PAGAMENTO DE DIARIAS', 'PAGAMENTO DE DIARIAS', 'PAGAMENTO DE DIARIAS', 'PAGAMENTO DE DIARIAS', 'PAGAMENTO DE DIARIAS', 'PAGAMENTO DE DIARIAS', 'PAGAMENTO DE DIARIAS', 'PAGAMENTO DE DIARIAS', 'PAGAMENTO DE DIARIAS', 'PAGAMENTO DE DIARIAS', 'PAGAMENTO DE DIARIAS', 'PAGAMENTO DE DIARIAS', 'PAGAMENTO DE SALÁRIO AO PRESTADOR SERVIÇOS DA FORTRESS - DEVIDO A ATRASO DE PAGAMENTO DE SALÁRIOS DA MESMA.', 'ETIQUETA PARA GARRAFA DE CAFÉ - ADMINISTRATIVO', 'SERVIÇOS DE CARTORIO']
DP E.P.I's;"['LUVA WELD PREMIUM MAO DIREITA', 'LUVA WELD PREMIUM MAO ESQUERDA', 'OCULOS DA 5500 COLOR', 'ABAFADOR POMP 3M MUFFLER', 'AVENTAL RASPA BARBEIRO GRANDE', 'BOTINA C.BICO PU', 'BOTINA C.BICO PU', 'BOTINA C.BICO PU', 'BOTINA C.BICO PU', 'BOTINA C.BICO PU', 'FILTRO 6001/6003', 'CREME HELP HAND', 'FILTRO 5N11 3M', 'LUVA DA 26602 K30 SSL G', 'LUVA MISTA PETROLEIRA 9 CM', 'LUVA WELD PREMIUM MAO DIREITA', 'LUVA WELD PREMIUM MAO ESQUERDA', 'LUVA VOLK FULL G', 'LUVA MISTA PETROLEIRA 9 CM', 'MACACAO TYVEK BRANCO XXG', 'MANGOTE LONA', 'MASCARA SOLDA MANUAL', 'OCULOS DA 5500 COLOR', 'OCULOS AGUIA LEOPARDO POLI COLOR', 'OCULOS AGUIA LEOPARDO INCOLOR', 'OCULOS 14500 INCOLOR RIO', 'PERNEIRA RASPA', 'PROTETOR FACIAL 8""', 'RESPIRADOR 6100/6200/6300', 'BOTINA C.BICO PU', 'BOTINA C.BICO PU', 'BOTINA C.BICO PU', 'BOTINA C.BICO PU', 'SAPATO PTO C/ELASTICO', 'FILTRO 6001/6003', 'PROTETOR FACIAL 8""', 'RETENTOR 501 P FILTRO 5N11 MM', 'LUVA WELD PREMIUM MAO ESQUERDA', 'OCULOS DA 5500 COLOR', 'AVENTAL RASPA BARBEIRO', 'AVENTAL RASPA BARBEIRO GRANDE', 'BOTINA C.BICO PU', 'BOTINA C.BICO PU', 'BOTINA C.BICO PU', 'BOTINA C.BICO PU', 'BOTINA C.BICO PU', 'BOTINA C.BICO PU', 'BOTINA C.BICO PU', 'FILTRO 6001/6003', 'CREME HELP HAND']"
DP Refeição;['LANCHE PEITO DE PERU OU FRANGO', 'LANCHE PEITO DE PERU OU FRANGO', 'LANCHE PRESUNTO E QUEIJO', 'LANCHE PRESUNTO E QUEIJO', 'LANCHE PRESUNTO E QUEIJO', 'COCA COLA 2 LT', 'COCA COLA 2 LT', 'COCA COLA 2 LT', 'COCA COLA LATA 350ML', 'COCA COLA LATA 350ML', 'REFRIGERANTE COCA - COLA', 'CHOCOLATE ', 'COCA COLA 2 LT', 'COCA COLA LATA 350ML', 'LANCHE PRESUNTO E QUEIJO', 'LANCHE PRESUNTO E QUEIJO', 'LANCHE PRESUNTO E QUEIJO', 'COCA COLA LATA 350ML', 'GUARANA ANTARTICA 2L', 'COCA COLA 2 LT', 'LANCHE PRESUNTO E QUEIJO', 'COCA COLA 2 LT', 'COCA COLA LATA 350ML', 'LANCHE PRESUNTO E QUEIJO', 'COCA COLA LATA 350ML', 'COCA COLA 2 LT', 'LANCHE PRESUNTO E QUEIJO', 'COCA COLA LATA 350ML', 'COCA COLA 2 LT', 'LANCHE PRESUNTO E QUEIJO', 'COCA COLA 2 LT', 'LANCHE PRESUNTO E QUEIJO', 'COCA COLA 2 LT', 'REFEIÇÃO', 'COCA COLA 2 LT', 'LANCHE PRESUNTO E QUEIJO', 'COCA COLA 2 LT', 'REFEIÇÃO', 'REFEIÇÃO', 'LANCHE PRESUNTO E QUEIJO', 'COCA COLA 2 LT', 'REFEIÇÃO', 'REFEIÇÃO', 'REFEIÇÃO', 'REFEIÇÃO', 'LANCHE PRESUNTO E QUEIJO', 'COCA COLA 2 LT', 'REFEIÇÃO', 'REFEIÇÃO', 'REFEIÇÃO']
DP Salários;['PRESTAÇÃO DE SERVIÇO', 'PRESTAÇÃO DE SERVIÇO', 'SERVIÇOS PRESTADOS SJBV ISS 4%', 'PRESTAÇÃO DE SERVIÇO', 'PRESTAÇÃO DE SERVIÇO', 'PRESTAÇÃO DE SERVIÇO', 'PRESTAÇÃO DE SERVIÇO', 'PRESTAÇÃO DE SERVIÇO', 'PRESTAÇÃO DE SERVIÇO', 'PRESTAÇÃO DE SERVIÇO', 'PRESTAÇÃO DE SERVIÇO', 'PRESTAÇÃO DE SERVIÇO', 'PRESTAÇÃO DE SERVIÇO', 'PRESTAÇÃO DE SERVIÇO', 'PRESTAÇÃO DE SERVIÇO', 'PRESTAÇÃO DE SERVIÇO', 'PRESTAÇÃO DE SERVIÇO', 'PRESTAÇÃO DE SERVIÇO', 'PRESTAÇÃO DE SERVIÇO', 'PRESTAÇÃO DE SERVIÇO', 'PRESTAÇÃO DE SERVIÇO', 'PRESTAÇÃO DE SERVIÇO', 'PRESTAÇÃO DE SERVIÇO', 'PRESTAÇÃO DE SERVIÇO', 'PRESTAÇÃO DE SERVIÇO', 'PRESTAÇÃO DE SERVIÇO', 'PRESTAÇÃO DE SERVIÇO', 'PRESTAÇÃO DE SERVIÇO', 'PRESTAÇÃO DE SERVIÇO', 'PRESTAÇÃO DE SERVIÇO', 'PRESTAÇÃO DE SERVIÇO', 'PRESTAÇÃO DE SERVIÇO', 'PRESTAÇÃO DE SERVIÇO', 'PRESTAÇÃO DE SERVIÇO DE CONSULTORIA EMPRESARIAL', 'PRESTAÇÃO DE SERVIÇO', 'PRESTAÇÃO DE SERVIÇO', 'PRESTAÇÃO DE SERVIÇO', 'PRESTAÇÃO DE SERVIÇO', 'PRESTAÇÃO DE SERVIÇO', 'PRESTAÇÃO DE SERVIÇO', 'PRESTAÇÃO DE SERVIÇO', 'PRESTAÇÃO DE SERVIÇO', 'PRESTAÇÃO DE SERVIÇO', 'PRESTAÇÃO DE SERVIÇO', 'PRESTAÇÃO DE SERVIÇO', 'PRESTAÇÃO DE SERVIÇO', 'PRESTAÇÃO DE SERVIÇO', 'PRESTAÇÃO DE SERVIÇO', 'PRESTAÇÃO DE SERVIÇO', 'PRESTAÇÃO DE SERVIÇO']
DP Saúde Ocupacional/Segurança Trabalho;['PREPARAÇÃO DE COCUMENTOS DOS EXAMES REALIZADO DO MÊS', 'SERVIÇOS PRESTADOS ELABORAÇÃO E PREPARAÇÃO DOCUMENTOS E-SOCIAL', 'PRESTAÇÃO DE SERVIÇO', 'PRESTAÇÃO DE SERVIÇO', 'PRESTAÇÃO DE SERVIÇO', 'PRESTAÇÃO DE SERVIÇO', 'PRESTAÇÃO DE SERVIÇO', 'PRESTAÇÃO DE SERVIÇO', 'PRESTAÇÃO DE SERVIÇO', 'EXAME TOXICOLÓGICO REALIZADO PELO COLABORADOR VALDIR APARECIDO ALVES', 'PRESTAÇÃO DE SERVIÇO', 'PRESTAÇÃO DE SERVIÇO', 'PRESTAÇÃO DE SERVIÇO', 'PRESTAÇÃO DE SERVIÇO', 'PRESTAÇÃO DE SERVIÇO - PREPARAÇÃO DE DOCUMENTOS DE SST', 'PRESTAÇÃO DE SERVIÇO DE SAUDE OCUPACIONAL/ SEGURANÇA DO TRABALHO', 'PRESTAÇÃO DE SERVIÇO - ATENDIMENTOS OCUPACIONAIS, REALIZADOS EM DEZEMBRO/2023 À JULHO/2024', 'PRESTAÇÃO DE SERVIÇO - ATENDIMENTOS OCUPACIONAIS, REALIZADOS EM OUTUBRO/2024', 'PRESTAÇÃO DE SERVIÇO - ATENDIMENTOS OCUPACIONAIS', 'PRESTAÇÃO DE SERVIÇO - ELABORAÇÃO DE DOCUMENTOS DE SST REFERENTE À 09/2024 (DIFERENÇA PENDENTE)', 'PRESTAÇÃO DE SERVIÇO - ELABORAÇÃO DE DOCUMENTOS DE SST, REFERENTE À 12/2024', 'PRESTAÇÃO DE SERVIÇO - ELABORAÇÃO DE DOCUMENTOS DE SST, REFERENTE AO MÊS 01/2025', 'PRESTAÇÃO DE SERVIÇO - ELABORAÇÃO DE DOCUMENTOS DE SST + ENVIOS AO E-SOCIAL 02/2025', 'PREPARACAO DE DOCUMENTOS DOS EXAMES REALIZADO DO MES', 'PRESTAÇÃO DE SERVIÇO - ELABORAÇÃO DE DOCUMENTOS DE SST+ ENVIO AO E-SOCIAL', 'PRESTAÇÃO DE SERVIÇO ELABORAÇÃO DE DOCUMENTOS - EXAME REALIZADO', 'PRESTAÇÃO DE SERVIÇO - ELABORAÇÃO DE DOCUMENTOS - EXAME REALIZADO', 'PRESTAÇÃO DE SERVIÇOS - ELABORAÇÃO DE DOCUMENTOS - EXAME REALIZADO', 'PRESTAÇÃO DE SERVIÇO ELABORAÇÃO DE DOCUMENTOS DE SST, EVIOS AOS E-SOCIAL, REFERENTE AO MÊS 05/2025', 'PRESTAÇÃO SERVIÇOS DE TERCEIRO']
NG Mercadoria Revenda Eco Ferro;['BOBINA FF 1,50 X 1200', 'BOBINA FF 1,50 X 1200', 'BOBINA FINA FRIO 1,20X1200', 'BOBINA FF 1,50 X 1200', 'BOBINA FINA FRIO 1,20X1200', 'BOBINA FINA FRIO 1,20X1200', 'BOBINA FF 1,50 X 1200', 'BOBINA FF 1,50 X 1200', 'BOBINA FINA FRIO 1,20X1200', 'BOBINA GALVALUME  0,40 X 1200 AZM 120', 'BOBINA GALVALUME  0,40 X 1200 AZM 120', 'BOBINA GALVALUME  0,40 X 1200 AZM 120', 'BOBINA GALVALUME 0,47 X 1200 AZM 120', 'BOBINA GALVALUME 0,47 X 1200 AZM 120', 'BOBINA GALVALUME  0,40 X 1200 AZM 120', 'BOBINA GALVALUME 0,38 X 1200 AZM 120', 'BOBINA GALVALUME 0,38 X 1200 AZM 120', 'BOBINA GALVALUME 0,38 X 1200 AZM 120', 'BOBINA GALVALUME 0,38 X 1200 AZM 120', 'BOBINA GALVALUME 0,38 X 1200 AZM 120', 'BOBINA GALVALUME  0,40 X 1200 AZM 120']
NG Mercadoria Revenda GMR;['BOBINA GALVALUME 0,47 X 1200 AZM 120', 'BOBINA GALVALUME 0,47 X 1200 AZM 120', 'BOBINA GALVALUME  0,40 X 1200 AZM 120', 'BOBINA GALVALUME 0,47 X 1200 AZM 120', 'BOBINA GALVALUME  0,40 X 1200 AZM 120', 'BOBINA GALVANIZADA 0,40 X 1200  AZ 80', 'BOBINA GALVANIZADA 0,40 X 1200  AZ 80', 'BOBINA GALVANIZADA 0,40 X 1200  AZ 80', 'BOBINA GALVALUME  0,40 X 1200 AZM 120', 'BOBINA GALVANIZADA 0,47 X 1200  AZ 80', 'BOBINA GALVANIZADA 0,47 X 1200  AZ 80', 'BOBINA GALVANIZADA 0,40 X 1200  AZ 80', 'BOBINA GALVANIZADA 0,40 X 1200  AZ 80', 'BOBINA GALVANIZADA 0,40 X 1200  AZ 80', 'BOBINA GALVANIZADA 0,47 X 1200  AZ 80', 'BOBINA GALVANIZADA 0,40 X 1200  AZ 80', 'BOBINA GALVANIZADA 0,40 X 1200  AZ 80', 'BOBINA GALVANIZADA 0,40 X 1200  AZ 80', 'BOBINA GALVANIZADA 0,40 X 1200  AZ 80', 'BOBINA GALVANIZADA 0,47 X 1200  AZ 80', 'BOBINA GALVANIZADA 0,47 X 1200  AZ 80', 'BOBINA GALVANIZADA 0,47 X 1200  AZ 80', 'BOBINA GALVANIZADA 0,40 X 1200  AZ 80', 'BOBINA GALVANIZADA 0,40 X 1200  AZ 80', 'BOBINA GALVANIZADA 0,47 X 1200  AZ 80', 'BOBINA GALVANIZADA 0,47 X 1200  AZ 80', 'BOBINA GALVANIZADA 0,47 X 1200  AZ 80', 'BOBINA GALVANIZADA 0,47 X 1200  AZ 80', 'BOBINA GALVANIZADA 0,47 X 1200  AZ 80', 'BOBINA GALVANIZADA 0,40 X 1200  AZ 80', 'BOBINA GALVANIZADA 0,40 X 1200  AZ 80', 'BOBINA GALVANIZADA 0,40 X 1200  AZ 80', 'BOBINA FF 1,20 X 1200 ', 'BOBINA FF 1,20 X 1200 ', 'BOBINA FF 1,20 X 1200 ', 'BOBINA FF 1,20 X 1200 ', 'BOBINA FF 1,20 X 1200 ', 'BOBINA GALVANIZADA 0,40 X 1200  AZ 80', 'BOBINA GALVANIZADA 0,40 X 1200  AZ 80', 'BOBINA GALVANIZADA 0,47 X 1200  AZ 80', 'BOBINA GALVANIZADA 0,47 X 1200  AZ 80', 'BOBINA GALVALUME 0,38 X 1200 AZM 120', 'BOBINA GALVALUME 0,38 X 1200 AZM 120', 'BOBINA GALVALUME 0,35 X 1200 AZM 150', 'BOBINA GALVALUME 0,35 X 1200 AZM 150', 'BOBINA GALVALUME 0,40 X 1200 YEL', 'BOBINA GALVALUME 0,40 X 1200 YEL', 'BOBINA GALVALUME  0,40 X 1200 AZM 120', 'BOBINA GALVALUME  0,40 X 1200 AZM 120', 'BOBINA GALVALUME  0,40 X 1200 AZM 120']
NG Mercadoria Revenda Nova Steel;['BOBINA GALVALUME 0,47 X 1200 AZM 120', 'BOBINA GALVALUME  0,40 X 1200 AZM 120', 'BOBINA GALVALUME 0,47 X 1200 AZM 120', 'BOBINA GALVALUME  0,40 X 1200 AZM 120', 'BOBINA GALVALUME 0,47 X 1200 AZM 120', 'BOBINA GALVALUME  0,40 X 1200 AZM 120', 'BOBINA GALVALUME  0,40 X 1200 AZM 120', 'BOBINA GALVALUME  0,40 X 1200 AZM 120', 'BOBINA GALVALUME  0,40 X 1200 AZM 120', 'BOBINA GALVALUME  0,40 X 1200 AZM 120', 'BOBINA GALVANIZADA 0,40 X 1200  AZ 80', 'BOBINA GALVANIZADA 0,40 X 1200  AZ 80', 'BOBINA GALVANIZADA 0,40 X 1200  AZ 80', 'BOBINA GALVANIZADA 0,40 X 1200  AZ 80', 'BOBINA GALVANIZADA 0,40 X 1200  AZ 80', 'BOBINA GALVALUME  0,40 X 1200 AZM 120', 'BOBINA GALVALUME  0,40 X 1200 AZM 120', 'BOBINA GALVALUME  0,40 X 1200 AZM 120', 'BOBINA GALVALUME  0,40 X 1200 AZM 120', 'BOBINA GALVALUME  0,40 X 1200 AZM 120', 'BOBINA GALVALUME  0,40 X 1200 AZM 120', 'BOBINA GALVALUME  0,40 X 1200 AZM 120', 'BOBINA GALVALUME  0,40 X 1200 AZM 120', 'BOBINA GALVALUME  0,40 X 1200 AZM 120', 'BOBINA GALVALUME  0,40 X 1200 AZM 120', 'BOBINA GALVALUME  0,40 X 1200 AZM 120', 'BOBINA GALVALUME  0,40 X 1200 AZM 120', 'BOBINA GALVALUME  0,40 X 1200 AZM 120', 'BOBINA GALVALUME  0,40 X 1200 AZM 120', 'BOBINA GALVALUME  0,40 X 1200 AZM 120', 'BOBINA GALVALUME  0,40 X 1200 AZM 120', 'BOBINA GALVALUME  0,40 X 1200 AZM 120', 'BOBINA GALVALUME  0,40 X 1200 AZM 120']
NG Mercadoria Revenda TGN;['BOBINA GALVALUME  0,40 X 1200 AZM 120', 'BOBINA GALVALUME  0,40 X 1200 AZM 120', 'BOBINA GALVALUME  0,40 X 1200 AZM 120', 'BOBINA GALVALUME  0,40 X 1200 AZM 120', 'BOBINA GALVALUME  0,40 X 1200 AZM 120', 'BOBINA GALVALUME  0,40 X 1200 AZM 120', 'BOBINA GALVALUME  0,40 X 1200 AZM 120', 'BOBINA GALVALUME  0,40 X 1200 AZM 120', 'BOBINA GALVALUME  0,40 X 1200 AZM 120', 'BOBINA GALVALUME  0,40 X 1200 AZM 120', 'BOBINA GALVALUME  0,40 X 1200 AZM 120', 'BOBINA GALVALUME  0,40 X 1200 AZM 120', 'BOBINA GALVALUME  0,40 X 1200 AZM 120', 'BOBINA GALVALUME  0,40 X 1200 AZM 120', 'BOBINA GALVALUME  0,40 X 1200 AZM 120', 'BOBINA GALVALUME  0,40 X 1200 AZM 120', 'BOBINA GALVALUME  0,40 X 1200 AZM 120', 'BOBINA GALVALUME  0,40 X 1200 AZM 120', 'BOBINA GALVALUME  0,40 X 1200 AZM 120', 'BOBINA GALVALUME  0,40 X 1200 AZM 120', 'BOBINA GALVALUME  0,40 X 1200 AZM 120', 'BOBINA GALVALUME  0,40 X 1200 AZM 120', 'BOBINA GALVALUME  0,40 X 1200 AZM 120', 'BOBINA GALVALUME  0,40 X 1200 AZM 120', 'BOBINA GALVALUME  0,40 X 1200 AZM 120']
RSV Revenda;['BOBINA GALVANIZADA 0,40 X 1200  AZ 80', 'BOBINA GALVANIZADA 0,80 X 1200 ', 'BOBINA ZN 0,95 X 1200', 'BOBINA GALVALUME 0,35 X 1200 AZM 150', 'BOBINA GALVALUME 0,35 X 1200 AZM 150', 'BOBINA GALVALUME 0,35 X 1200 AZM 150', 'BOBINA ZN 0,40 X 1200 (MM)', 'BOBINA GALVALUME 0,35 X 1200 AZM 150', 'BOBINA GL 0,40 X 1200 (MM) ', 'BOBINA ZN 0,40 X 1200 (MM)', 'BOBINA GALVALUME 0,35 X 1200 AZM 150', 'BOBINA GALVALUME 0,47 X 1200 AZM 150', 'TUBO QD BQ 100 X 100 X 1,50 X 6000', 'TUBO QD BQ 80 X 80 X 1,50 X 6000', 'TB RET FQ 100 X 50 X 1,50 X 6000', 'TB RT FF 50X30X1,20X6000', 'BOBINA GALVALUME 0,38 X1200 X AZM 150', 'BOBINA FF 1,20 X 1200 ', 'BOBINA FF 1,50 X 1200', 'BOBINA FF 0,90 X 1200 (MM) ', 'CH FF 1,50 X 1200 X 3000', 'BOBINA GALVALUME 0,47 X 1200 AZM 150', 'BOBINA GALVALUME 0,47 X 1200 AZM 150', 'BOBINA GALVALUME 0,47 X 1200 AZM 150', 'BOBINA GALVALUME 0,47 X 1200 AZM 150', 'TB RED FF 38,10X1,20X6000', 'TB RT FF 50X30X1,20X6000', 'CH FF 1,50 X 1200 X 2500', 'TB RED FF 19,05X0,75X6000', 'TB RT FF 30X20X0,90X6000', 'TB RT FF 50X30X0,90X6000', 'TB QD FF 40X40X1,06X6000', 'TB RT FF 30X20X1,06X6000', 'TB RT FF 50X30X1,06X6000', 'TB RED FF 19,05X0,75X6000', 'TB RT ZN 60X40X1,25X6000', 'TB RT ZN 60X40X1,55X6000', 'CH FF 1,20 X 1200 X 3000', 'CH FF 1,50 X 1200 X 3000', 'CH FF 1,20 X 1200 X 3000', 'CH FF 0,90 X 1200 X 3000', 'TB RT FF 50X30X1,20X6000', 'CH FF 0,90 X 1200 X 3000', 'BOBINA GALVALUME  0,40 X 1200 AZM 150', 'TB RT FF 50X30X1,20X6000', 'BOBINA GALVALUME  0,40 X 1200 AZM 150', 'BOBINA GALVALUME  0,40 X 1200 AZM 150', 'TB RT FF 80X40X1,50X6000', 'TB RT FF 80X40X1,50X6000', 'CH FF 1,20 X 1200 X 3000']
RSV Serviço Industrialização;"['0619087 SAPATILHO LEVE CABO ACO 1/4"" GLV', '0610921 ESTICADOR M10 OLHAL/OLHAL GLV - DIN 1480 ', '0619067 CABO ACO 1/4"" 6X19 AA GLV', '0619117 PRENSA CABO ALUMINIO PARA CABOS DE ACO DE 1/4""-DIN3093-T8-PRC-06', 'CLAMP ACCESSORY PACK', 'CJM CABO DE AÇO TORRE REBOQUE ', '8503577 CABO VERTICAL BALANÇO PIVO ALTO ', 'PCRA', 'PCRA', 'PERFIL VJ-2 C/ 1,0 M', 'PERFIL VJ-2 C/ 1,5 M', 'PERFIL VJ-2 C/ 2,0 M', 'PERFIL VJ-2 C/ 2,5 M', 'PERFIL VJ-2 C/ 3,0 M', '""TIRA DE CHAPA # 2,65"""" X 50 X 1200 MM""', 'CHAPA 3/16', 'Corte Laser ', 'Dobra', 'CHAPA LQ A36 8X1500X3000', 'CLAMP ACCESSORY PACK', 'CLAMP ACCESSORY PACK', 'CLAMP ACCESSORY PACK', 'CLAMP ACCESSORY PACK', 'EMBALAGEM PARA RADIADORES', 'CLAMP ACCESSORY PACK', 'RACK METALICO', 'RACK METALICO', 'RACK METALICO', 'EMBALAGEM PARA RADIADORES', 'CLAMP ACCESSORY PACK', 'CLAMP ACCESSORY PACK']"
RU Uniforme;['CAMISA MC DOPTEX TAMANHO : NORMAL', 'CALÇA OXFORD SOCIAL PROFISSIONAL TAMANHO: NORMAL', 'UNIFORME ', 'UNIFORME ', 'UNIFORME ', 'UNIFORME ', 'UNIFORME ', 'UNIFORME ', 'UNIFORME ', 'UNIFORME ', 'UNIFORME ', 'UNIFORME ', 'UNIFORME ', 'UNIFORME ', 'UNIFORME ', 'UNIFORME ', 'UNIFORME ', 'UNIFORME ', 'UNIFORME ', 'UNIFORME ', 'UNIFORME ', 'UNIFORME ', 'UNIFORME ', 'UNIFORME ', 'UNIFORME ', 'UNIFORME ', 'UNIFORME ', 'UNIFORME ', 'UNIFORME ', 'UNIFORME ', 'UNIFORME ', 'UNIFORME ', 'UNIFORME ', 'CAMISA MC DOPLEX TAMANHO NORMAL', 'CAMISETA MCURTA LISO TAMANHO M', 'CAMISETA MLONGA LISO TAMANHO:TU', 'CALÇA SOCIAL FEMININA TWO WAY TAMANHO:TU', 'CAMISA MLONGA DOPLEX NATURAL FIT TAMANHO:N 1', 'CAMISETA M CURTA LISO TAMANHO P', 'CAMISETA M LONGA LISO TAMANHO P', 'CALÇA SOCIAL FEMININA TWO WAY TAMANHO:TU', 'CAMISA M/C', 'CAMISA MC PLUS', 'CAMISA M.LONGA', 'CAMISA PROF M/L 6', 'CAMISETA', 'CAMISETA', 'CALÇA SOCIAL', 'CAMISA PROF M/C BRIM PESADO COM 1 BOLSO PEITO - AZUL ROYAL - SILK TREINAMENTO NAS COSTAS', 'CAMISA PROF M/C BRIM PESADO COM 1 BOLSO PEITO - AZUL ROYAL - SILK TREINAMENTO NAS COSTAS']
